Prerequisite,Anime
"http://myanimelist.net/anime/11759/Accel_World","http://myanimelist.net/anime/13939/Accel_World_EX"
"http://myanimelist.net/anime/50/Ah!_My_Goddess","http://myanimelist.net/anime/880/Ah!_My_Goddess:_Sorezore_no_Tsubasa"
"http://myanimelist.net/anime/50/Ah!_My_Goddess","http://myanimelist.net/anime/304/Ah!_My_Goddess:_The_Movie"
"http://myanimelist.net/anime/50/Ah!_My_Goddess","http://myanimelist.net/anime/303/Ah!_My_Goddess:_Chichaitte_Koto_wa_Benri_da_ne"
"http://myanimelist.net/anime/50/Ah!_My_Goddess","http://myanimelist.net/anime/9611/Ah!_My_Goddess:_Itsumo_Futari_de"
"http://myanimelist.net/anime/857/Air_Gear","http://myanimelist.net/anime/9201/Air_Gear:_Kuro_no_Hane_to_Nemuri_no_Mori_-_Break_on_the_Sky"
"http://myanimelist.net/anime/12149/AKB0048","http://myanimelist.net/anime/14941/AKB0048_2nd_Season"
"http://myanimelist.net/anime/8676/Amagami_SS","http://myanimelist.net/anime/9117/Amagami_SS_OVA"
"http://myanimelist.net/anime/8676/Amagami_SS","http://myanimelist.net/anime/11235/Amagami_SS+_plus"
"http://myanimelist.net/anime/11111/Another","http://myanimelist.net/anime/11701/Another:_The_Other_-_Inga"
"http://myanimelist.net/anime/7647/Arakawa_Under_the_Bridge","http://myanimelist.net/anime/9074/Arakawa_Under_the_Bridge_x_Bridge"
"http://myanimelist.net/anime/477/Aria_the_Animation","http://myanimelist.net/anime/962/Aria_the_Natural"
"http://myanimelist.net/anime/962/Aria_the_Natural","http://myanimelist.net/anime/2563/Aria_the_OVA:_Arietta"
"http://myanimelist.net/anime/962/Aria_the_Natural","http://myanimelist.net/anime/3297/Aria_the_Origination"
"http://myanimelist.net/anime/5342/Asura_Cryin","http://myanimelist.net/anime/6676/Asura_Cryin_2"
"http://myanimelist.net/anime/2251/Baccano!","http://myanimelist.net/anime/3901/Baccano!_Specials"
"http://myanimelist.net/anime/6347/Baka_to_Test_to_Shoukanjuu","http://myanimelist.net/anime/8516/Baka_to_Test_to_Shoukanjuu_Ni!"
"http://myanimelist.net/anime/6347/Baka_to_Test_to_Shoukanjuu","http://myanimelist.net/anime/9471/Baka_to_Test_to_Shoukanjuu:_Matsuri"
"http://myanimelist.net/anime/6347/Baka_to_Test_to_Shoukanjuu","http://myanimelist.net/anime/7805/Baka_to_Test_to_Shoukanjuu:_Christmas_Special"
"http://myanimelist.net/anime/7674/Bakuman.","http://myanimelist.net/anime/10030/Bakuman._2"
"http://myanimelist.net/anime/10030/Bakuman._2","http://myanimelist.net/anime/12365/Bakuman._3"
"http://myanimelist.net/anime/10218/Berserk_Ougon_Jidaihen_I:_Haou_no_Tamago","http://myanimelist.net/anime/12113/Berserk_Ougon_Jidaihen_II:_Doldrey_Kouryaku"
"http://myanimelist.net/anime/12113/Berserk_Ougon_Jidaihen_II:_Doldrey_Kouryaku","http://myanimelist.net/anime/12115/Berserk_Ougon_Jidaihen_III:_Kourin"
"http://myanimelist.net/anime/889/Black_Lagoon","http://myanimelist.net/anime/1519/Black_Lagoon:_The_Second_Barrage"
"http://myanimelist.net/anime/1519/Black_Lagoon:_The_Second_Barrage","http://myanimelist.net/anime/4901/Black_Lagoon:_Robertas_Blood_Trail"
"http://myanimelist.net/anime/1519/Black_Lagoon:_The_Second_Barrage","http://myanimelist.net/anime/8440/Black_Lagoon_Omake"
"http://myanimelist.net/anime/10719/Boku_wa_Tomodachi_ga_Sukunai","http://myanimelist.net/anime/10897/Boku_wa_Tomodachi_ga_Sukunai_Episode_0"
"http://myanimelist.net/anime/10719/Boku_wa_Tomodachi_ga_Sukunai","http://myanimelist.net/anime/14027/Boku_wa_Tomodachi_ga_Sukunai:_Add-on_Disc"
"http://myanimelist.net/anime/10719/Boku_wa_Tomodachi_ga_Sukunai","http://myanimelist.net/anime/14967/Boku_wa_Tomodachi_ga_Sukunai_Dai_2-ki"
"http://myanimelist.net/anime/6772/Break_Blade_1:_Kakusei_no_Toki","http://myanimelist.net/anime/8514/Break_Blade_2:_Ketsubetsu_no_Michi"
"http://myanimelist.net/anime/8514/Break_Blade_2:_Ketsubetsu_no_Michi","http://myanimelist.net/anime/9252/Break_Blade_3:_Kyoujin_no_Ato"
"http://myanimelist.net/anime/9252/Break_Blade_3:_Kyoujin_no_Ato","http://myanimelist.net/anime/9465/Break_Blade_4:_Sanka_no_Chi"
"http://myanimelist.net/anime/9465/Break_Blade_4:_Sanka_no_Chi","http://myanimelist.net/anime/9724/Break_Blade_5:_Shisen_no_Hate"
"http://myanimelist.net/anime/9724/Break_Blade_5:_Shisen_no_Hate","http://myanimelist.net/anime/10092/Break_Blade_6:_Doukoku_no_Toride"
"http://myanimelist.net/anime/232/Cardcaptor_Sakura","http://myanimelist.net/anime/371/Cardcaptor_Sakura:_The_Movie"
"http://myanimelist.net/anime/232/Cardcaptor_Sakura","http://myanimelist.net/anime/372/Cardcaptor_Sakura_Movie_2:_The_Sealed_Card"
"http://myanimelist.net/anime/232/Cardcaptor_Sakura","http://myanimelist.net/anime/1078/Cardcaptor_Sakura:_Leave_It_to_Kero-chan"
"http://myanimelist.net/anime/232/Cardcaptor_Sakura","http://myanimelist.net/anime/2424/Cardcaptor_Sakura_Specials"
"http://myanimelist.net/anime/9539/Cardfight!!_Vanguard","http://myanimelist.net/anime/13145/Cardfight!!_Vanguard:_Asia_Circuit-hen"
"http://myanimelist.net/anime/13145/Cardfight!!_Vanguard:_Asia_Circuit-hen","http://myanimelist.net/anime/15611/Cardfight!!_Vanguard_3rd_Season"
"http://myanimelist.net/anime/10012/Carnival_Phantasm","http://myanimelist.net/anime/12187/Carnival_Phantasm_EX_Season"
"http://myanimelist.net/anime/3841/Chis_Sweet_Home","http://myanimelist.net/anime/6024/Chis_New_Address"
"http://myanimelist.net/anime/3841/Chis_Sweet_Home","http://myanimelist.net/anime/7972/Chis_Sweet_Home_OVA"
"http://myanimelist.net/anime/2167/Clannad","http://myanimelist.net/anime/4181/Clannad:_After_Story"
"http://myanimelist.net/anime/1575/Code_Geass:_Hangyaku_no_Lelouch","http://myanimelist.net/anime/2904/Code_Geass:_Hangyaku_no_Lelouch_R2"
"http://myanimelist.net/anime/1/Cowboy_Bebop","http://myanimelist.net/anime/5/Cowboy_Bebop:_Tengoku_no_Tobira"
"http://myanimelist.net/anime/62/Da_Capo","http://myanimelist.net/anime/291/Da_Capo_Second_Season"
"http://myanimelist.net/anime/62/Da_Capo","http://myanimelist.net/anime/5216/Da_Capo_If"
"http://myanimelist.net/anime/2025/Darker_than_Black:_Kuro_no_Keiyakusha","http://myanimelist.net/anime/4182/Darker_than_Black:_Kuro_no_Keiyakusha_Special"
"http://myanimelist.net/anime/2025/Darker_than_Black:_Kuro_no_Keiyakusha","http://myanimelist.net/anime/7338/Darker_than_Black:_Kuro_no_Keiyakusha_Gaiden"
"http://myanimelist.net/anime/2025/Darker_than_Black:_Kuro_no_Keiyakusha","http://myanimelist.net/anime/6573/Darker_than_Black:_Ryuusei_no_Gemini"
"http://myanimelist.net/anime/552/Digimon_Adventure","http://myanimelist.net/anime/1313/Digimon_Adventure_02"
"http://myanimelist.net/anime/552/Digimon_Adventure","http://myanimelist.net/anime/2397/Digimon_Adventure:_Bokura_no_War_Game"
"http://myanimelist.net/anime/552/Digimon_Adventure","http://myanimelist.net/anime/2398/Digimon_Adventure_02:_Diablomon_no_Gyakushuu"
"http://myanimelist.net/anime/552/Digimon_Adventure","http://myanimelist.net/anime/2962/Digimon_Adventure_02:_The_Golden_Digimentals"
"http://myanimelist.net/anime/552/Digimon_Adventure","http://myanimelist.net/anime/8490/Digimon_Adventure_3D:_Digimon_Grand_Prix!"
"http://myanimelist.net/anime/345/Eikoku_Koi_Monogatari_Emma","http://myanimelist.net/anime/2035/Eikoku_Koi_Monogatari_Emma:_Molders_Hen"
"http://myanimelist.net/anime/15/Eyeshield_21","http://myanimelist.net/anime/1317/Eyeshield_21:_Maboroshi_no_Golden_Bowl"
"http://myanimelist.net/anime/15/Eyeshield_21","http://myanimelist.net/anime/6418/Eyeshield_21_Jumpfesta_2005"
"http://myanimelist.net/anime/2026/Hayate_no_Gotoku!","http://myanimelist.net/anime/5521/Hayate_no_Gotoku!!:_Atsu_ga_Natsuize:_Mizugihen!"
"http://myanimelist.net/anime/2026/Hayate_no_Gotoku!","http://myanimelist.net/anime/4192/Hayate_no_Gotoku!!"
"http://myanimelist.net/anime/4192/Hayate_no_Gotoku!!","http://myanimelist.net/anime/9958/Hayate_no_Gotoku!_Heaven_Is_a_Place_on_Earth"
"http://myanimelist.net/anime/5630/Higashi_no_Eden","http://myanimelist.net/anime/6372/Higashi_no_Eden:_Gekijouban_I_The_King_of_Eden"
"http://myanimelist.net/anime/6372/Higashi_no_Eden:_Gekijouban_I_The_King_of_Eden","http://myanimelist.net/anime/6637/Higashi_no_Eden:_Gekijouban_II_Paradise_Lost"
"http://myanimelist.net/anime/5630/Higashi_no_Eden","http://myanimelist.net/anime/6927/Higashi_no_Eden_Soushuuhen:_Air_Communication"
"http://myanimelist.net/anime/2924/ef_-_a_tale_of_memories.","http://myanimelist.net/anime/4789/ef_-_a_tale_of_melodies."
"http://myanimelist.net/anime/237/Eureka_Seven","http://myanimelist.net/anime/12471/Eureka_Seven_AO"
"http://myanimelist.net/anime/237/Eureka_Seven","http://myanimelist.net/anime/4246/Eureka_Seven:_Pocket_ga_Niji_de_Ippai"
"http://myanimelist.net/anime/12471/Eureka_Seven_AO","http://myanimelist.net/anime/14875/Eureka_Seven_AO:_Jungfrau_no_Hanabanatachi"
"http://myanimelist.net/anime/10087/Fate/Zero","http://myanimelist.net/anime/11741/Fate/Zero_2nd_Season"
"http://myanimelist.net/anime/10087/Fate/Zero","http://myanimelist.net/anime/13183/Fate/Zero_Remix"
"http://myanimelist.net/anime/121/Fullmetal_Alchemist","http://myanimelist.net/anime/430/Fullmetal_Alchemist:_The_Conqueror_of_Shamballa"
"http://myanimelist.net/anime/430/Fullmetal_Alchemist:_The_Conqueror_of_Shamballa","http://myanimelist.net/anime/908/Fullmetal_Alchemist:_Premium_Collection"
"http://myanimelist.net/anime/5114/Fullmetal_Alchemist:_Brotherhood","http://myanimelist.net/anime/9135/Fullmetal_Alchemist:_Milos_no_Seinaru_Hoshi"
"http://myanimelist.net/anime/71/Full_Metal_Panic!","http://myanimelist.net/anime/73/Full_Metal_Panic!_The_Second_Raid"
"http://myanimelist.net/anime/71/Full_Metal_Panic!","http://myanimelist.net/anime/72/Full_Metal_Panic_Fumoffu"
"http://myanimelist.net/anime/71/Full_Metal_Panic!","http://myanimelist.net/anime/6291/Full_Metal_Panic!_The_Second_Raid_Episode_000"
"http://myanimelist.net/anime/73/Full_Metal_Panic!_The_Second_Raid","http://myanimelist.net/anime/1015/Full_Metal_Panic!_The_Second_Raid_OVA"
"http://myanimelist.net/anime/240/Genshiken","http://myanimelist.net/anime/1813/Genshiken_OVA"
"http://myanimelist.net/anime/240/Genshiken","http://myanimelist.net/anime/2508/Genshiken_2"
"http://myanimelist.net/anime/467/Ghost_in_the_Shell:_Stand_Alone_Complex","http://myanimelist.net/anime/801/Ghost_in_the_Shell:_Stand_Alone_Complex_2nd_GIG"
"http://myanimelist.net/anime/801/Ghost_in_the_Shell:_Stand_Alone_Complex_2nd_GIG","http://myanimelist.net/anime/1566/Ghost_in_the_Shell:_Stand_Alone_Complex_-_Solid_State_Society"
"http://myanimelist.net/anime/918/Gintama","http://myanimelist.net/anime/9969/Gintama"
"http://myanimelist.net/anime/918/Gintama","http://myanimelist.net/anime/7472/Gintama:_Shinyaku_Benizakura-hen"
"http://myanimelist.net/anime/9969/Gintama","http://myanimelist.net/anime/15417/Gintama_(2012)"
"http://myanimelist.net/anime/134/Gunslinger_Girl","http://myanimelist.net/anime/3231/Gunslinger_Girl:_Il_Teatrino"
"http://myanimelist.net/anime/3231/Gunslinger_Girl:_Il_Teatrino","http://myanimelist.net/anime/4765/Gunslinger_Girl:_Il_Teatrino_OVA"
"http://myanimelist.net/anime/48/.hack//Sign","http://myanimelist.net/anime/454/.hack//Gift"
"http://myanimelist.net/anime/1824/Hadashi_no_Gen","http://myanimelist.net/anime/1825/Hadashi_no_Gen_2"
"http://myanimelist.net/anime/9289/Hanasaku_Iroha","http://myanimelist.net/anime/14175/Hanasaku_Iroha:_Home_Sweet_Home"
"http://myanimelist.net/anime/263/Hajime_no_Ippo","http://myanimelist.net/anime/12069/Hajime_no_Ippo_Special"
"http://myanimelist.net/anime/263/Hajime_no_Ippo","http://myanimelist.net/anime/264/Hajime_no_Ippo:_Champion_Road"
"http://myanimelist.net/anime/264/Hajime_no_Ippo:_Champion_Road","http://myanimelist.net/anime/265/Hajime_no_Ippo:_Mashiba_vs._Kimura"
"http://myanimelist.net/anime/265/Hajime_no_Ippo:_Mashiba_vs._Kimura","http://myanimelist.net/anime/5258/Hajime_no_Ippo:_New_Challenger"
"http://myanimelist.net/anime/849/Suzumiya_Haruhi_no_Yuuutsu","http://myanimelist.net/anime/4382/Suzumiya_Haruhi_no_Yuuutsu_(2009)"
"http://myanimelist.net/anime/4382/Suzumiya_Haruhi_no_Yuuutsu_(2009)","http://myanimelist.net/anime/7311/Suzumiya_Haruhi_no_Shoushitsu"
"http://myanimelist.net/anime/849/Suzumiya_Haruhi_no_Yuuutsu","http://myanimelist.net/anime/5118/Suzumiya_Haruhi-chan_no_Yuuutsu"
"http://myanimelist.net/anime/7645/Heartcatch_Precure!","http://myanimelist.net/anime/9288/Heartcatch_Precure!_Hana_no_Miyako_de_Fashion_Show..._Desu_ka!"
"http://myanimelist.net/anime/5060/Hetalia_Axis_Powers","http://myanimelist.net/anime/7337/Ginmaku_Hetalia_Axis_Powers:_Paint_it_White"
"http://myanimelist.net/anime/5060/Hetalia_Axis_Powers","http://myanimelist.net/anime/9865/Hetalia_Axis_Powers_Fan_Disc"
"http://myanimelist.net/anime/5060/Hetalia_Axis_Powers","http://myanimelist.net/anime/8479/Hetalia_World_Series"
"http://myanimelist.net/anime/8479/Hetalia_World_Series","http://myanimelist.net/anime/15195/Hetalia:_The_Beautiful_World"
"http://myanimelist.net/anime/1852/Hidamari_Sketch","http://myanimelist.net/anime/3604/Hidamari_Sketch_x_365"
"http://myanimelist.net/anime/3604/Hidamari_Sketch_x_365","http://myanimelist.net/anime/7062/Hidamari_Sketch_x_%E2%98%86%E2%98%86%E2%98%86"
"http://myanimelist.net/anime/7062/Hidamari_Sketch_x_%E2%98%86%E2%98%86%E2%98%86","http://myanimelist.net/anime/11239/Hidamari_Sketch_x_Honeycomb"
"http://myanimelist.net/anime/11617/Highschool_DxD","http://myanimelist.net/anime/12729/Highschool_DxD_OVA"
"http://myanimelist.net/anime/11617/Highschool_DxD","http://myanimelist.net/anime/15451/Highschool_DxD_2nd_Season"
"http://myanimelist.net/anime/8074/Highschool_of_the_Dead","http://myanimelist.net/anime/9515/Highschool_of_the_Dead:_Drifters_of_the_Dead"
"http://myanimelist.net/anime/934/Higurashi_no_Naku_Koro_ni","http://myanimelist.net/anime/1889/Higurashi_no_Naku_Koro_ni_Kai"
"http://myanimelist.net/anime/1889/Higurashi_no_Naku_Koro_ni_Kai","http://myanimelist.net/anime/6064/Higurashi_no_Naku_Koro_ni_Kai_Specials"
"http://myanimelist.net/anime/934/Higurashi_no_Naku_Koro_ni","http://myanimelist.net/anime/2899/Higurashi_no_Naku_Koro_ni_Special:_Nekogoroshi-hen"
"http://myanimelist.net/anime/1889/Higurashi_no_Naku_Koro_ni_Kai","http://myanimelist.net/anime/3652/Higurashi_no_Naku_Koro_ni_Rei"
"http://myanimelist.net/anime/135/Hikaru_no_Go","http://myanimelist.net/anime/10765/Hikaru_no_Go_Special"
"http://myanimelist.net/anime/1559/Historys_Strongest_Disciple_Kenichi","http://myanimelist.net/anime/11813/Historys_Strongest_Disciple_Kenichi_OVA"
"http://myanimelist.net/anime/967/Hokuto_no_Ken","http://myanimelist.net/anime/1356/Hokuto_no_Ken_2"
"http://myanimelist.net/anime/1356/Hokuto_no_Ken_2","http://myanimelist.net/anime/1357/New_Fist_of_the_North_Star"
"http://myanimelist.net/anime/967/Hokuto_no_Ken","http://myanimelist.net/anime/4549/Hokuto_no_Ken:_Raoh_Gaiden_Ten_no_Haoh"
"http://myanimelist.net/anime/967/Hokuto_no_Ken","http://myanimelist.net/anime/1773/Hokuto_no_Ken:_Raoh_Gaiden_Junai-hen"
"http://myanimelist.net/anime/1773/Hokuto_no_Ken:_Raoh_Gaiden_Junai-hen","http://myanimelist.net/anime/3027/Hokuto_no_Ken:_Yuria-den"
"http://myanimelist.net/anime/3027/Hokuto_no_Ken:_Yuria-den","http://myanimelist.net/anime/2174/Hokuto_no_Ken:_Raoh_Gaiden_Gekitou-hen"
"http://myanimelist.net/anime/2174/Hokuto_no_Ken:_Raoh_Gaiden_Gekitou-hen","http://myanimelist.net/anime/4312/Hokuto_no_Ken:_Toki-den"
"http://myanimelist.net/anime/4312/Hokuto_no_Ken:_Toki-den","http://myanimelist.net/anime/5291/Hokuto_no_Ken:_Zero_Kenshiro_Den"
"http://myanimelist.net/anime/967/Hokuto_no_Ken","http://myanimelist.net/anime/10177/DD_Hokuto_no_Ken"
"http://myanimelist.net/anime/16/Honey_and_Clover","http://myanimelist.net/anime/1142/Honey_and_Clover_II"
"http://myanimelist.net/anime/16/Honey_and_Clover","http://myanimelist.net/anime/644/Honey_and_Clover_Specials"
"http://myanimelist.net/anime/136/Hunter_x_Hunter","http://myanimelist.net/anime/137/Hunter_x_Hunter_OVA"
"http://myanimelist.net/anime/136/Hunter_x_Hunter","http://myanimelist.net/anime/138/Hunter_x_Hunter:_Greed_Island"
"http://myanimelist.net/anime/138/Hunter_x_Hunter:_Greed_Island","http://myanimelist.net/anime/139/Hunter_x_Hunter:_Greed_Island_Final"
"http://myanimelist.net/anime/12189/Hyouka","http://myanimelist.net/anime/13469/Hyouka:_Motsubeki_Mono_wa"
"http://myanimelist.net/anime/488/Ichigo_Mashimaro","http://myanimelist.net/anime/1888/Ichigo_Mashimaro_OVA"
"http://myanimelist.net/anime/488/Ichigo_Mashimaro","http://myanimelist.net/anime/4811/Ichigo_Mashimaro_Encore"
"http://myanimelist.net/anime/10278/The_iDOLM@STER","http://myanimelist.net/anime/4033/The_iDOLM@STER:_Live_for_You!"
"http://myanimelist.net/anime/10278/The_iDOLM@STER","http://myanimelist.net/anime/14835/The_iDOLM@STER:_Shiny_Festa"
"http://myanimelist.net/anime/185/Initial_D_First_Stage","http://myanimelist.net/anime/186/Initial_D_Second_Stage"
"http://myanimelist.net/anime/186/Initial_D_Second_Stage","http://myanimelist.net/anime/187/Initial_D_Third_Stage"
"http://myanimelist.net/anime/187/Initial_D_Third_Stage","http://myanimelist.net/anime/18/Initial_D_Fourth_Stage"
"http://myanimelist.net/anime/187/Initial_D_Third_Stage","http://myanimelist.net/anime/821/Initial_D_Battle_Stage"
"http://myanimelist.net/anime/187/Initial_D_Third_Stage","http://myanimelist.net/anime/822/Initial_D_Extra_Stage"
"http://myanimelist.net/anime/822/Initial_D_Extra_Stage","http://myanimelist.net/anime/5228/Initial_D_Extra_Stage_2"
"http://myanimelist.net/anime/18/Initial_D_Fourth_Stage","http://myanimelist.net/anime/15059/Initial_D_Fifth_Stage"
"http://myanimelist.net/anime/18/Initial_D_Fourth_Stage","http://myanimelist.net/anime/3931/Initial_D_Battle_Stage_2"
"http://myanimelist.net/anime/249/InuYasha","http://myanimelist.net/anime/6811/InuYasha:_Kanketsu-hen"
"http://myanimelist.net/anime/569/Irresponsible_Captain_Tylor","http://myanimelist.net/anime/1168/Irresponsible_Captain_Tylor_OVA"
"http://myanimelist.net/anime/228/Jigoku_Shoujo","http://myanimelist.net/anime/1594/Jigoku_Shoujo_Futakomori"
"http://myanimelist.net/anime/1594/Jigoku_Shoujo_Futakomori","http://myanimelist.net/anime/3713/Jigoku_Shoujo_Mitsuganae"
"http://myanimelist.net/anime/12413/Jormungand","http://myanimelist.net/anime/13331/Jormungand:_Perfect_Order"
"http://myanimelist.net/anime/253/Jungle_wa_Itsumo_Hare_nochi_Guu","http://myanimelist.net/anime/254/Jungle_wa_Itsumo_Hare_nochi_Guu_Deluxe"
"http://myanimelist.net/anime/254/Jungle_wa_Itsumo_Hare_nochi_Guu_Deluxe","http://myanimelist.net/anime/255/Jungle_wa_Itsumo_Hare_nochi_Guu_Final"
"http://myanimelist.net/anime/3092/Junjou_Romantica","http://myanimelist.net/anime/4814/Junjou_Romantica_2"
"http://myanimelist.net/anime/427/Kaleido_Star","http://myanimelist.net/anime/428/Kaleido_Star:_Arata_Naru_Tsubasa_Extra_Stage"
"http://myanimelist.net/anime/427/Kaleido_Star","http://myanimelist.net/anime/1501/Kaleido_Star:_Its_Good!_Goood!!"
"http://myanimelist.net/anime/427/Kaleido_Star","http://myanimelist.net/anime/429/Kaleido_Star:_Legend_of_Phoenix_-_Layla_Hamilton_Monogatari"
"http://myanimelist.net/anime/3002/Kaiji","http://myanimelist.net/anime/10271/Kaiji:_Hakairoku_Hen"
"http://myanimelist.net/anime/8525/Kami_nomi_zo_Shiru_Sekai","http://myanimelist.net/anime/10080/Kami_nomi_zo_Shiru_Sekai_II"
"http://myanimelist.net/anime/8525/Kami_nomi_zo_Shiru_Sekai","http://myanimelist.net/anime/9675/Kami_nomi_zo_Shiru_Sekai:_Flag_0"
"http://myanimelist.net/anime/10080/Kami_nomi_zo_Shiru_Sekai_II","http://myanimelist.net/anime/15117/Kami_nomi_zo_Shiru_Sekai:_Tenri-hen"
"http://myanimelist.net/anime/10080/Kami_nomi_zo_Shiru_Sekai_II","http://myanimelist.net/anime/10805/Kami_nomi_zo_Shiru_Sekai:_Yonin_to_Idol"
"http://myanimelist.net/anime/2593/Kara_no_Kyoukai_1:_Fukan_Fuukei","http://myanimelist.net/anime/3782/Kara_no_Kyoukai_2:_Satsujin_Kousatsu_(Part_1)"
"http://myanimelist.net/anime/3782/Kara_no_Kyoukai_2:_Satsujin_Kousatsu_(Part_1)","http://myanimelist.net/anime/3783/Kara_no_Kyoukai_3:_Tsuukaku_Zanryuu"
"http://myanimelist.net/anime/3783/Kara_no_Kyoukai_3:_Tsuukaku_Zanryuu","http://myanimelist.net/anime/4280/Kara_no_Kyoukai_4:_Garan_no_Dou"
"http://myanimelist.net/anime/4280/Kara_no_Kyoukai_4:_Garan_no_Dou","http://myanimelist.net/anime/4282/Kara_no_Kyoukai_5:_Mujun_Rasen"
"http://myanimelist.net/anime/4282/Kara_no_Kyoukai_5:_Mujun_Rasen","http://myanimelist.net/anime/5204/Kara_no_Kyoukai_6:_Boukyaku_Rokuon"
"http://myanimelist.net/anime/5204/Kara_no_Kyoukai_6:_Boukyaku_Rokuon","http://myanimelist.net/anime/5205/Kara_no_Kyoukai_7:_Satsujin_Kousatsu_(Part_2)"
"http://myanimelist.net/anime/5205/Kara_no_Kyoukai_7:_Satsujin_Kousatsu_(Part_2)","http://myanimelist.net/anime/6954/Kara_no_Kyoukai:_Epilogue"
"http://myanimelist.net/anime/6954/Kara_no_Kyoukai:_Epilogue","http://myanimelist.net/anime/14807/Kara_no_Kyoukai:_Mirai_Fukuin"
"http://myanimelist.net/anime/1604/Katekyo_Hitman_Reborn!","http://myanimelist.net/anime/8532/Katekyo_Hitman_Reborn!_Special"
"http://myanimelist.net/anime/486/Kino_no_Tabi:_The_Beautiful_World","http://myanimelist.net/anime/1379/Kino_no_Tabi:_Nanika_wo_Suru_Tame_ni_-_Life_Goes_On."
"http://myanimelist.net/anime/486/Kino_no_Tabi:_The_Beautiful_World","http://myanimelist.net/anime/2175/Kino_no_Tabi:_The_Beautiful_World_-_Byouki_no_Kuni:_For_You"
"http://myanimelist.net/anime/486/Kino_no_Tabi:_The_Beautiful_World","http://myanimelist.net/anime/3466/Kino_no_Tabi:_The_Beautiful_World_-_Tou_no_Kuni"
"http://myanimelist.net/anime/147/Kimi_ga_Nozomu_Eien","http://myanimelist.net/anime/3318/Kimi_ga_Nozomu_Eien:_Next_Season"
"http://myanimelist.net/anime/6045/Kimi_ni_Todoke","http://myanimelist.net/anime/9656/Kimi_ni_Todoke_2nd_Season"
"http://myanimelist.net/anime/6045/Kimi_ni_Todoke","http://myanimelist.net/anime/10152/Kimi_ni_Todoke_2nd_Season:_Kataomoi"
"http://myanimelist.net/anime/9656/Kimi_ni_Todoke_2nd_Season","http://myanimelist.net/anime/10536/Kimi_ni_Todoke_2nd_Season_Specials"
"http://myanimelist.net/anime/10460/Kimi_to_Boku.","http://myanimelist.net/anime/11739/Kimi_to_Boku._2"
"http://myanimelist.net/anime/1579/Kiniro_no_Corda:_Primo_Passo","http://myanimelist.net/anime/5717/Kiniro_no_Corda:_Secondo_Passo"
"http://myanimelist.net/anime/8841/Kore_wa_Zombie_Desu_ka","http://myanimelist.net/anime/10209/Kore_wa_Zombie_Desu_ka_OVA"
"http://myanimelist.net/anime/8841/Kore_wa_Zombie_Desu_ka","http://myanimelist.net/anime/10790/Kore_wa_Zombie_Desu_ka_of_the_Dead"
"http://myanimelist.net/anime/10790/Kore_wa_Zombie_Desu_ka_of_the_Dead","http://myanimelist.net/anime/15437/Kore_wa_Zombie_Desu_ka_of_the_Dead_OVA"
"http://myanimelist.net/anime/4898/Kuroshitsuji","http://myanimelist.net/anime/6707/Kuroshitsuji_II"
"http://myanimelist.net/anime/251/Kyou_kara_Maou!","http://myanimelist.net/anime/2971/Kyou_kara_Maou!_R"
"http://myanimelist.net/anime/251/Kyou_kara_Maou!","http://myanimelist.net/anime/4080/Kyou_kara_Maou!_3rd_Series"
"http://myanimelist.net/anime/5680/K-On!","http://myanimelist.net/anime/7791/K-On!!"
"http://myanimelist.net/anime/5680/K-On!","http://myanimelist.net/anime/6862/K-On!_Special:_Live_House!"
"http://myanimelist.net/anime/5680/K-On!","http://myanimelist.net/anime/7017/K-On!:_Ura-On!"
"http://myanimelist.net/anime/7791/K-On!!","http://myanimelist.net/anime/9617/K-On!_(Movie)"
"http://myanimelist.net/anime/7791/K-On!!","http://myanimelist.net/anime/9734/K-On!!_Special"
"http://myanimelist.net/anime/7791/K-On!!","http://myanimelist.net/anime/9203/K-On!!:_Ura-On!!"
"http://myanimelist.net/anime/1887/Lucky_%E2%98%86_Star","http://myanimelist.net/anime/4472/Lucky_%E2%98%86_Star_OVA"
"http://myanimelist.net/anime/1088/Macross","http://myanimelist.net/anime/1504/Macross_Flash_Back_2012"
"http://myanimelist.net/anime/474/Macross_Plus","http://myanimelist.net/anime/1397/Macross_7"
"http://myanimelist.net/anime/1397/Macross_7","http://myanimelist.net/anime/1399/Macross_7_Encore"
"http://myanimelist.net/anime/1397/Macross_7","http://myanimelist.net/anime/6209/Macross_7_Plus"
"http://myanimelist.net/anime/1397/Macross_7","http://myanimelist.net/anime/1400/Macross_7:_Ginga_ga_Ore_wo_Yonde_Iru"
"http://myanimelist.net/anime/1397/Macross_7","http://myanimelist.net/anime/1398/Macross_Dynamite_7"
"http://myanimelist.net/anime/1397/Macross_7","http://myanimelist.net/anime/3572/Macross_Frontier"
"http://myanimelist.net/anime/3572/Macross_Frontier","http://myanimelist.net/anime/5310/Macross_Frontier:_Itsuwari_no_Utahime"
"http://myanimelist.net/anime/5310/Macross_Frontier:_Itsuwari_no_Utahime","http://myanimelist.net/anime/7222/Macross_Frontier:_Sayonara_no_Tsubasa"
"http://myanimelist.net/anime/3572/Macross_Frontier","http://myanimelist.net/anime/4939/Macross_Fufonfia"
"http://myanimelist.net/anime/1089/Macross:_Do_You_Remember_Love","http://myanimelist.net/anime/1262/Macross_II:_Lovers_Again"
"http://myanimelist.net/anime/435/Magic_Knight_Rayearth","http://myanimelist.net/anime/1563/Magic_Knight_Rayearth_II"
"http://myanimelist.net/anime/276/Mahoromatic","http://myanimelist.net/anime/277/Mahoromatic_2"
"http://myanimelist.net/anime/76/Mahou_Shoujo_Lyrical_Nanoha","http://myanimelist.net/anime/77/Mahou_Shoujo_Lyrical_Nanoha_As"
"http://myanimelist.net/anime/76/Mahou_Shoujo_Lyrical_Nanoha","http://myanimelist.net/anime/4985/Mahou_Shoujo_Lyrical_Nanoha:_The_Movie_1st"
"http://myanimelist.net/anime/77/Mahou_Shoujo_Lyrical_Nanoha_As","http://myanimelist.net/anime/10153/Mahou_Shoujo_Lyrical_Nanoha:_The_Movie_2nd_As"
"http://myanimelist.net/anime/77/Mahou_Shoujo_Lyrical_Nanoha_As","http://myanimelist.net/anime/1915/Mahou_Shoujo_Lyrical_Nanoha_StrikerS"
"http://myanimelist.net/anime/1453/Maison_Ikkoku","http://myanimelist.net/anime/2459/Maison_Ikkoku:_Deserted_Island"
"http://myanimelist.net/anime/1453/Maison_Ikkoku","http://myanimelist.net/anime/2460/Maison_Ikkoku:_Final_Chapter"
"http://myanimelist.net/anime/99/Mai-Otome","http://myanimelist.net/anime/1609/Mai-Otome_Zwei"
"http://myanimelist.net/anime/99/Mai-Otome","http://myanimelist.net/anime/3268/Mai-Otome_0:_S.ifr"
"http://myanimelist.net/anime/627/Major_S1","http://myanimelist.net/anime/558/Major_S2"
"http://myanimelist.net/anime/627/Major_S1","http://myanimelist.net/anime/5029/Major:_Yuujou_no_Ikkyuu"
"http://myanimelist.net/anime/558/Major_S2","http://myanimelist.net/anime/1842/Major_S3"
"http://myanimelist.net/anime/1842/Major_S3","http://myanimelist.net/anime/3226/Major_S4"
"http://myanimelist.net/anime/3226/Major_S4","http://myanimelist.net/anime/5028/Major_S5"
"http://myanimelist.net/anime/5028/Major_S5","http://myanimelist.net/anime/7655/Major_S6"
"http://myanimelist.net/anime/7655/Major_S6","http://myanimelist.net/anime/11917/Major:_World_Series"
"http://myanimelist.net/anime/11917/Major:_World_Series","http://myanimelist.net/anime/9890/Major:_Message"
"http://myanimelist.net/anime/8100/Mardock_Scramble:_The_First_Compression","http://myanimelist.net/anime/10624/Mardock_Scramble:_The_Second_Combustion"
"http://myanimelist.net/anime/10624/Mardock_Scramble:_The_Second_Combustion","http://myanimelist.net/anime/12053/Mardock_Scramble:_The_Third_Exhaust"
"http://myanimelist.net/anime/158/Maria-sama_ga_Miteru","http://myanimelist.net/anime/444/Maria-sama_ga_Miteru:_Haru"
"http://myanimelist.net/anime/444/Maria-sama_ga_Miteru:_Haru","http://myanimelist.net/anime/1729/Maria-sama_ga_Miteru_3rd"
"http://myanimelist.net/anime/444/Maria-sama_ga_Miteru:_Haru","http://myanimelist.net/anime/3750/Maria-sama_ga_Miteru_4th"
"http://myanimelist.net/anime/218/Martian_Successor_Nadesico","http://myanimelist.net/anime/219/Martian_Successor_Nadesico:_The_Prince_of_Darkness"
"http://myanimelist.net/anime/2963/Minami-ke","http://myanimelist.net/anime/3225/Minami-ke_Okawari"
"http://myanimelist.net/anime/3225/Minami-ke_Okawari","http://myanimelist.net/anime/5162/Minami-ke_Okaeri"
"http://myanimelist.net/anime/5162/Minami-ke_Okaeri","http://myanimelist.net/anime/5713/Minami-ke_Betsubara"
"http://myanimelist.net/anime/5162/Minami-ke_Okaeri","http://myanimelist.net/anime/14575/Minami-ke_Omatase"
"http://myanimelist.net/anime/5162/Minami-ke_Okaeri","http://myanimelist.net/anime/14511/Minami-ke_4"
"http://myanimelist.net/anime/7627/Mitsudomoe","http://myanimelist.net/anime/9510/Mitsudomoe_Zouryouchuu!"
"http://myanimelist.net/anime/80/Mobile_Suit_Gundam","http://myanimelist.net/anime/82/Mobile_Suit_Gundam_0080:_War_in_the_Pocket"
"http://myanimelist.net/anime/80/Mobile_Suit_Gundam","http://myanimelist.net/anime/1917/Mobile_Suit_Gundam_MS_IGLOO:_The_Hidden_One_Year_War"
"http://myanimelist.net/anime/80/Mobile_Suit_Gundam","http://myanimelist.net/anime/87/Mobile_Suit_Gundam:_Chars_Counterattack"
"http://myanimelist.net/anime/1090/Mobile_Suit_Gundam_I","http://myanimelist.net/anime/1091/Mobile_Suit_Gundam_II:_Soldiers_of_Sorrow"
"http://myanimelist.net/anime/1091/Mobile_Suit_Gundam_II:_Soldiers_of_Sorrow","http://myanimelist.net/anime/1092/Mobile_Suit_Gundam_III:_Encounters_in_Space"
"http://myanimelist.net/anime/2581/Mobile_Suit_Gundam_00","http://myanimelist.net/anime/3927/Mobile_Suit_Gundam_00_Second_Season"
"http://myanimelist.net/anime/3927/Mobile_Suit_Gundam_00_Second_Season","http://myanimelist.net/anime/7270/Mobile_Suit_Gundam_00_Special_Edition"
"http://myanimelist.net/anime/3927/Mobile_Suit_Gundam_00_Second_Season","http://myanimelist.net/anime/6288/Mobile_Suit_Gundam_00_The_Movie:_A_Wakening_of_the_Trailblazer"
"http://myanimelist.net/anime/93/Mobile_Suit_Gundam_Seed","http://myanimelist.net/anime/94/Mobile_Suit_Gundam_Seed_Destiny"
"http://myanimelist.net/anime/94/Mobile_Suit_Gundam_Seed_Destiny","http://myanimelist.net/anime/1215/Mobile_Suit_Gundam_Seed_C.E.73:_Stargazer"
"http://myanimelist.net/anime/94/Mobile_Suit_Gundam_Seed_Destiny","http://myanimelist.net/anime/1241/Mobile_Suit_Gundam_Seed_Destiny_Final_Plus:_The_Chosen_Future"
"http://myanimelist.net/anime/93/Mobile_Suit_Gundam_Seed","http://myanimelist.net/anime/864/Mobile_Suit_Gundam_Seed_MSV_Astray"
"http://myanimelist.net/anime/1967/Mobile_Suit_Zeta_Gundam:_A_New_Translation_-_Heir_to_the_Stars","http://myanimelist.net/anime/1968/Mobile_Suit_Zeta_Gundam:_A_New_Translation_II_-_Lovers"
"http://myanimelist.net/anime/1968/Mobile_Suit_Zeta_Gundam:_A_New_Translation_II_-_Lovers","http://myanimelist.net/anime/1969/Mobile_Suit_Zeta_Gundam:_A_New_Translation_III_-_Love_Is_the_Pulse_of_the_Stars"
"http://myanimelist.net/anime/3963/Turn_A_Gundam_I:_Earth_Light","http://myanimelist.net/anime/3964/Turn_A_Gundam_II:_Moonlight_Butterfly"
"http://myanimelist.net/anime/3001/Moyashimon","http://myanimelist.net/anime/9290/Moyashimon_CGI_Anime"
"http://myanimelist.net/anime/3001/Moyashimon","http://myanimelist.net/anime/13409/Moyashimon_Returns"
"http://myanimelist.net/anime/1251/Nadia_the_Secret_of_Blue_Water","http://myanimelist.net/anime/1252/Nadia:_The_Motion_Picture"
"http://myanimelist.net/anime/20/Naruto","http://myanimelist.net/anime/1735/Naruto:_Shippuuden"
"http://myanimelist.net/anime/5597/Natsu_no_Arashi!","http://myanimelist.net/anime/6712/Natsu_no_Arashi!_Akinaichuu"
"http://myanimelist.net/anime/4081/Natsume_Yuujinchou","http://myanimelist.net/anime/5300/Zoku_Natsume_Yuujinchou"
"http://myanimelist.net/anime/5300/Zoku_Natsume_Yuujinchou","http://myanimelist.net/anime/10379/Natsume_Yuujinchou_San"
"http://myanimelist.net/anime/10379/Natsume_Yuujinchou_San","http://myanimelist.net/anime/11665/Natsume_Yuujinchou_Shi"
"http://myanimelist.net/anime/1546/Negima!","http://myanimelist.net/anime/1619/Mahou_Sensei_Negima!_OVA_Haru"
"http://myanimelist.net/anime/1546/Negima!","http://myanimelist.net/anime/1732/Mahou_Sensei_Negima!_OVA_Natsu"
"http://myanimelist.net/anime/30/Neon_Genesis_Evangelion","http://myanimelist.net/anime/31/Neon_Genesis_Evangelion:_Death_&_Rebirth"
"http://myanimelist.net/anime/30/Neon_Genesis_Evangelion","http://myanimelist.net/anime/32/Neon_Genesis_Evangelion:_The_End_of_Evangelion"
"http://myanimelist.net/anime/2759/Evangelion:_1.0_You_Are_(Not)_Alone","http://myanimelist.net/anime/3784/Evangelion:_2.0_You_Can_(Not)_Advance"
"http://myanimelist.net/anime/3784/Evangelion:_2.0_You_Can_(Not)_Advance","http://myanimelist.net/anime/3785/Evangelion:_3.0_You_Can_(Not)_Redo"
"http://myanimelist.net/anime/3785/Evangelion:_3.0_You_Can_(Not)_Redo","http://myanimelist.net/anime/3786/Evangelion:_4.0"
"http://myanimelist.net/anime/1698/Nodame_Cantabile","http://myanimelist.net/anime/3965/Nodame_Cantabile_Special"
"http://myanimelist.net/anime/1698/Nodame_Cantabile","http://myanimelist.net/anime/4477/Nodame_Cantabile_Paris_Chapter"
"http://myanimelist.net/anime/4477/Nodame_Cantabile_Paris_Chapter","http://myanimelist.net/anime/6187/Nodame_Cantabile_OVA"
"http://myanimelist.net/anime/4477/Nodame_Cantabile_Paris_Chapter","http://myanimelist.net/anime/8038/Nodame_Cantabile_Finale_Special"
"http://myanimelist.net/anime/4477/Nodame_Cantabile_Paris_Chapter","http://myanimelist.net/anime/5690/Nodame_Cantabile_Finale"
"http://myanimelist.net/anime/7592/Nurarihyon_no_Mago","http://myanimelist.net/anime/10049/Nurarihyon_no_Mago:_Sennen_Makyou"
"http://myanimelist.net/anime/2159/Ookiku_Furikabutte","http://myanimelist.net/anime/7720/Ookiku_Furikabutte:_Natsu_no_Taikai_Hen"
"http://myanimelist.net/anime/2159/Ookiku_Furikabutte","http://myanimelist.net/anime/8423/Ookiku_Furikabutte:_Natsu_no_Scorebook"
"http://myanimelist.net/anime/8769/Ore_no_Imouto_ga_Konnani_Kawaii_Wake_ga_Nai","http://myanimelist.net/anime/13659/Ore_no_Imouto_ga_Konnani_Kawaii_Wake_ga_Nai."
"http://myanimelist.net/anime/22/Prince_of_Tennis","http://myanimelist.net/anime/814/Prince_of_Tennis:_Atobes_Gift"
"http://myanimelist.net/anime/22/Prince_of_Tennis","http://myanimelist.net/anime/815/Prince_of_Tennis:_The_Two_Samurai_The_First_Game"
"http://myanimelist.net/anime/22/Prince_of_Tennis","http://myanimelist.net/anime/1190/Prince_of_Tennis:_A_Day_on_Survival_Mountain"
"http://myanimelist.net/anime/22/Prince_of_Tennis","http://myanimelist.net/anime/6749/Prince_of_Tennis:_Band_of_Princes"
"http://myanimelist.net/anime/22/Prince_of_Tennis","http://myanimelist.net/anime/10731/Prince_of_Tennis:_Eikokushiki_Teikyuu_Shiro_Kessen!"
"http://myanimelist.net/anime/22/Prince_of_Tennis","http://myanimelist.net/anime/995/Prince_of_Tennis:_The_National_Tournament"
"http://myanimelist.net/anime/995/Prince_of_Tennis:_The_National_Tournament","http://myanimelist.net/anime/2752/Prince_of_Tennis:_The_National_Tournament_Semifinals"
"http://myanimelist.net/anime/2752/Prince_of_Tennis:_The_National_Tournament_Semifinals","http://myanimelist.net/anime/4053/Prince_of_Tennis:_The_National_Tournament_Finals"
"http://myanimelist.net/anime/4053/Prince_of_Tennis:_The_National_Tournament_Finals","http://myanimelist.net/anime/5751/Prince_of_Tennis:_Another_Story_-_Messages_From_Past_and_Future"
"http://myanimelist.net/anime/5751/Prince_of_Tennis:_Another_Story_-_Messages_From_Past_and_Future","http://myanimelist.net/anime/10573/Prince_of_Tennis:_Another_Story_II_-_Ano_Toki_no_Bokura"
"http://myanimelist.net/anime/22/Prince_of_Tennis","http://myanimelist.net/anime/11371/New_Prince_of_Tennis"
"http://myanimelist.net/anime/64/Rozen_Maiden","http://myanimelist.net/anime/65/Rozen_Maiden:_Tr%C3%A4umend"
"http://myanimelist.net/anime/45/Rurouni_Kenshin","http://myanimelist.net/anime/44/Rurouni_Kenshin:_Tsuiokuhen"
"http://myanimelist.net/anime/45/Rurouni_Kenshin","http://myanimelist.net/anime/46/Rurouni_Kenshin:_Ishinshishi_e_no_Requiem"
"http://myanimelist.net/anime/45/Rurouni_Kenshin","http://myanimelist.net/anime/11441/Rurouni_Kenshin:_Shin_Kyoto_Hen"
"http://myanimelist.net/anime/45/Rurouni_Kenshin","http://myanimelist.net/anime/401/Rurouni_Kenshin:_Seisouhen"
"http://myanimelist.net/anime/530/Sailor_Moon","http://myanimelist.net/anime/740/Sailor_Moon_R"
"http://myanimelist.net/anime/530/Sailor_Moon","http://myanimelist.net/anime/531/Sailor_Moon_R_Movie:_Promise_of_the_Rose"
"http://myanimelist.net/anime/740/Sailor_Moon_R","http://myanimelist.net/anime/532/Sailor_Moon_S"
"http://myanimelist.net/anime/530/Sailor_Moon","http://myanimelist.net/anime/997/Sailor_Moon_S_Movie:_Hearts_in_Ice"
"http://myanimelist.net/anime/532/Sailor_Moon_S","http://myanimelist.net/anime/1239/Sailor_Moon_SuperS"
"http://myanimelist.net/anime/530/Sailor_Moon","http://myanimelist.net/anime/1240/Sailor_Moon_SuperS_Movie:_Black_Dream_Hole"
"http://myanimelist.net/anime/532/Sailor_Moon_S","http://myanimelist.net/anime/996/Sailor_Moon_Sailor_Stars"
"http://myanimelist.net/anime/1254/Saint_Seiya","http://myanimelist.net/anime/1257/Saint_Seiya:_The_Hades_Chapter_-_Sanctuary"
"http://myanimelist.net/anime/1257/Saint_Seiya:_The_Hades_Chapter_-_Sanctuary","http://myanimelist.net/anime/1253/Saint_Seiya:_The_Hades_Chapter_-_Inferno"
"http://myanimelist.net/anime/1253/Saint_Seiya:_The_Hades_Chapter_-_Inferno","http://myanimelist.net/anime/3515/Saint_Seiya:_The_Hades_Chapter_-_Elysion"
"http://myanimelist.net/anime/1254/Saint_Seiya","http://myanimelist.net/anime/1255/Saint_Seiya:_Legend_of_Crimson_Youth"
"http://myanimelist.net/anime/1254/Saint_Seiya","http://myanimelist.net/anime/1256/Saint_Seiya:_The_Battle_with_Eris"
"http://myanimelist.net/anime/1254/Saint_Seiya","http://myanimelist.net/anime/1258/Saint_Seiya:_The_Heated_War_of_the_Gods"
"http://myanimelist.net/anime/1254/Saint_Seiya","http://myanimelist.net/anime/1260/Saint_Seiya:_Warriors_of_the_Final_Holy_Battle"
"http://myanimelist.net/anime/1254/Saint_Seiya","http://myanimelist.net/anime/6153/Saint_Seiya:_Soushuuhen"
"http://myanimelist.net/anime/1254/Saint_Seiya","http://myanimelist.net/anime/6154/Saint_Seiya:_The_Hades_Chapter_Sanctuary_-_Yomigaerishi_Gold_Saint-tachi_no_Shinwa"
"http://myanimelist.net/anime/1254/Saint_Seiya","http://myanimelist.net/anime/1259/Saint_Seiya:_The_Heaven_Chapter_-_Overture"
"http://myanimelist.net/anime/1254/Saint_Seiya","http://myanimelist.net/anime/12929/Saint_Seiya_Omega"
"http://myanimelist.net/anime/6171/Saint_Seiya:_The_Lost_Canvas_-_Meiou_Shinwa","http://myanimelist.net/anime/9130/Saint_Seiya:_The_Lost_Canvas_-_Meiou_Shinwa_2"
"http://myanimelist.net/anime/957/Saiunkoku_Monogatari","http://myanimelist.net/anime/1914/Saiunkoku_Monogatari_2nd_Season"
"http://myanimelist.net/anime/957/Saiunkoku_Monogatari","http://myanimelist.net/anime/2192/Saiunkoku_Monogatari_Specials"
"http://myanimelist.net/anime/957/Saiunkoku_Monogatari","http://myanimelist.net/anime/2193/Saiunkoku_Monogatari_Soushuuhen"
"http://myanimelist.net/anime/2605/Sayonara_Zetsubou_Sensei","http://myanimelist.net/anime/3228/Zoku_Sayonara_Zetsubou_Sensei"
"http://myanimelist.net/anime/3228/Zoku_Sayonara_Zetsubou_Sensei","http://myanimelist.net/anime/4872/Goku_Sayonara_Zetsubou_Sensei"
"http://myanimelist.net/anime/3228/Zoku_Sayonara_Zetsubou_Sensei","http://myanimelist.net/anime/6377/Zan_Sayonara_Zetsubou_Sensei"
"http://myanimelist.net/anime/6377/Zan_Sayonara_Zetsubou_Sensei","http://myanimelist.net/anime/7044/Zan_Sayonara_Zetsubou_Sensei_Bangaichi"
"http://myanimelist.net/anime/24/School_Rumble","http://myanimelist.net/anime/846/School_Rumble_Ni_Gakki"
"http://myanimelist.net/anime/24/School_Rumble","http://myanimelist.net/anime/517/School_Rumble_Ichi_Gakki_Hoshuu"
"http://myanimelist.net/anime/846/School_Rumble_Ni_Gakki","http://myanimelist.net/anime/4015/School_Rumble_San_Gakki"
"http://myanimelist.net/anime/290/Seikai_no_Monshou","http://myanimelist.net/anime/396/Seikai_no_Senki"
"http://myanimelist.net/anime/396/Seikai_no_Senki","http://myanimelist.net/anime/397/Seikai_no_Senki_II"
"http://myanimelist.net/anime/397/Seikai_no_Senki_II","http://myanimelist.net/anime/398/Seikai_no_Senki_III"
"http://myanimelist.net/anime/5909/Seitokai_no_Ichizon","http://myanimelist.net/anime/10464/Seitokai_no_Ichizon_2"
"http://myanimelist.net/anime/8675/Seitokai_Yakuindomo","http://myanimelist.net/anime/10119/Seitokai_Yakuindomo_OVA"
"http://myanimelist.net/anime/9926/Sekaiichi_Hatsukoi","http://myanimelist.net/anime/11123/Sekaiichi_Hatsukoi_2"
"http://myanimelist.net/anime/9926/Sekaiichi_Hatsukoi","http://myanimelist.net/anime/8063/Sekaiichi_Hatsukoi_OVA"
"http://myanimelist.net/anime/4063/Sekirei","http://myanimelist.net/anime/5277/Sekirei:_Pure_Engagement"
"http://myanimelist.net/anime/5355/Sengoku_Basara","http://myanimelist.net/anime/6634/Sengoku_Basara_Two"
"http://myanimelist.net/anime/6634/Sengoku_Basara_Two","http://myanimelist.net/anime/9745/Sengoku_Basara:_The_Last_Party"
"http://myanimelist.net/anime/2104/Seto_no_Hanayome","http://myanimelist.net/anime/4163/Seto_no_Hanayome_OVA"
"http://myanimelist.net/anime/2104/Seto_no_Hanayome","http://myanimelist.net/anime/5199/Seto_no_Hanayome_Fan_Disc"
"http://myanimelist.net/anime/2104/Seto_no_Hanayome","http://myanimelist.net/anime/7041/Seto_no_Hanayome_OVA_Specials"
"http://myanimelist.net/anime/355/Shakugan_no_Shana","http://myanimelist.net/anime/2787/Shakugan_no_Shana_II"
"http://myanimelist.net/anime/2787/Shakugan_no_Shana_II","http://myanimelist.net/anime/6572/Shakugan_no_Shana_S"
"http://myanimelist.net/anime/2787/Shakugan_no_Shana_II","http://myanimelist.net/anime/6773/Shakugan_no_Shana_III_%28Final%29"
"http://myanimelist.net/anime/4581/Shikabane_Hime:_Aka","http://myanimelist.net/anime/5034/Shikabane_Hime:_Kuro"
"http://myanimelist.net/anime/8557/Shinryaku!_Ika_Musume","http://myanimelist.net/anime/10378/Shinryaku!_Ika_Musume"
"http://myanimelist.net/anime/8557/Shinryaku!_Ika_Musume","http://myanimelist.net/anime/13267/Shinryaku!!_Ika_Musume"
"http://myanimelist.net/anime/79/Shuffle!","http://myanimelist.net/anime/1836/Shuffle!_Memories"
"http://myanimelist.net/anime/2923/Shugo_Chara!","http://myanimelist.net/anime/5262/Shugo_Chara!!_Doki"
"http://myanimelist.net/anime/5262/Shugo_Chara!!_Doki","http://myanimelist.net/anime/7082/Shugo_Chara!_Party!"
"http://myanimelist.net/anime/534/Slayers","http://myanimelist.net/anime/867/Slayers_Gorgeous"
"http://myanimelist.net/anime/534/Slayers","http://myanimelist.net/anime/868/Slayers_Great"
"http://myanimelist.net/anime/534/Slayers","http://myanimelist.net/anime/869/Slayers_Return"
"http://myanimelist.net/anime/534/Slayers","http://myanimelist.net/anime/536/Slayers:_The_Motion_Picture"
"http://myanimelist.net/anime/534/Slayers","http://myanimelist.net/anime/535/Slayers_Next"
"http://myanimelist.net/anime/534/Slayers","http://myanimelist.net/anime/866/Slayers_Premium"
"http://myanimelist.net/anime/535/Slayers_Next","http://myanimelist.net/anime/1172/Slayers_Try"
"http://myanimelist.net/anime/1172/Slayers_Try","http://myanimelist.net/anime/4028/Slayers_Revolution"
"http://myanimelist.net/anime/4028/Slayers_Revolution","http://myanimelist.net/anime/5233/Slayers_Evolution-R"
"http://myanimelist.net/anime/9253/Steins;Gate","http://myanimelist.net/anime/10863/Steins;Gate:_Oukoubakko_no_Poriomania"
"http://myanimelist.net/anime/5958/Sora_no_Otoshimono","http://myanimelist.net/anime/7858/Sora_no_Otoshimono_OVA"
"http://myanimelist.net/anime/5958/Sora_no_Otoshimono","http://myanimelist.net/anime/8407/Sora_no_Otoshimono:_Forte"
"http://myanimelist.net/anime/8407/Sora_no_Otoshimono:_Forte","http://myanimelist.net/anime/12783/Sora_no_Otoshimono_3"
"http://myanimelist.net/anime/2966/Spice_and_Wolf","http://myanimelist.net/anime/5341/Spice_and_Wolf_II"
"http://myanimelist.net/anime/2966/Spice_and_Wolf","http://myanimelist.net/anime/6007/Spice_and_Wolf_II_OVA"
"http://myanimelist.net/anime/5341/Spice_and_Wolf_II","http://myanimelist.net/anime/6884/Spice_and_Wolf_II_Specials"
"http://myanimelist.net/anime/3667/Strike_Witches","http://myanimelist.net/anime/6381/Strike_Witches_2"
"http://myanimelist.net/anime/1731/Tales_of_Symphonia_The_Animation:_Sylvarant-hen","http://myanimelist.net/anime/5306/Tales_of_Symphonia_The_Animation:_Tethealla-hen"
"http://myanimelist.net/anime/5306/Tales_of_Symphonia_The_Animation:_Tethealla-hen","http://myanimelist.net/anime/8995/Tales_of_Symphonia_The_Animation:_Sekai_Tougou-hen"
"http://myanimelist.net/anime/6444/Tegami_Bachi","http://myanimelist.net/anime/8311/Tegami_Bachi_Reverse"
"http://myanimelist.net/anime/539/Tenchi_Muyo!_Ryo-Ohki","http://myanimelist.net/anime/1146/Tenchi_Muyo!_The_Night_Before_the_Carnival"
"http://myanimelist.net/anime/1146/Tenchi_Muyo!_The_Night_Before_the_Carnival","http://myanimelist.net/anime/540/Tenchi_Muyo!_Ryo-Ohki_2"
"http://myanimelist.net/anime/540/Tenchi_Muyo!_Ryo-Ohki_2","http://myanimelist.net/anime/541/Tenchi_Muyo!_Ryo-Ohki_3"
"http://myanimelist.net/anime/540/Tenchi_Muyo!_Ryo-Ohki_2","http://myanimelist.net/anime/10351/Tenchi_Muyo!_Ryo-Ohki_2_Special"
"http://myanimelist.net/anime/541/Tenchi_Muyo!_Ryo-Ohki_3","http://myanimelist.net/anime/1147/Tenchi_Muyo!_Ryo-Ohki_3_Plus_1"
"http://myanimelist.net/anime/696/Tenchi_Universe","http://myanimelist.net/anime/1006/Tenchi_Muyo!_in_Love"
"http://myanimelist.net/anime/1006/Tenchi_Muyo!_in_Love","http://myanimelist.net/anime/1144/Tenchi_Muyo!_in_Love_2:_Haruka_Naru_Omoi"
"http://myanimelist.net/anime/2001/Tengen_Toppa_Gurren_Lagann","http://myanimelist.net/anime/4107/Tengen_Toppa_Gurren_Lagann_Movie:_Gurren-hen"
"http://myanimelist.net/anime/4107/Tengen_Toppa_Gurren_Lagann_Movie:_Gurren-hen","http://myanimelist.net/anime/4565/Tengen_Toppa_Gurren_Lagann_Movie:_Lagann-hen"
"http://myanimelist.net/anime/2001/Tengen_Toppa_Gurren_Lagann","http://myanimelist.net/anime/10622/Tengen_Toppa_Gurren_Lagann_OVA"
"http://myanimelist.net/anime/5005/Tentai_Senshi_Sunred","http://myanimelist.net/anime/6582/Tentai_Senshi_Sunred_2"
"http://myanimelist.net/anime/3974/Tetsuwan_Birdy_Decode","http://myanimelist.net/anime/6380/Tetsuwan_Birdy_Decode:_The_Cipher"
"http://myanimelist.net/anime/3974/Tetsuwan_Birdy_Decode","http://myanimelist.net/anime/5074/Tetsuwan_Birdy_Decode:02"
"http://myanimelist.net/anime/9941/Tiger_&_Bunny","http://myanimelist.net/anime/12015/Tiger_&_Bunny_Movie_1:_The_Beginning"
"http://myanimelist.net/anime/12015/Tiger_&_Bunny_Movie_1:_The_Beginning","http://myanimelist.net/anime/12017/Tiger_&_Bunny_Movie_2"
"http://myanimelist.net/anime/3455/To_LOVE-Ru","http://myanimelist.net/anime/5667/To_LOVE-Ru_OVA"
"http://myanimelist.net/anime/3455/To_LOVE-Ru","http://myanimelist.net/anime/9181/Motto_To_LOVE-Ru"
"http://myanimelist.net/anime/9181/Motto_To_LOVE-Ru","http://myanimelist.net/anime/13663/To_LOVE-Ru_Darkness"
"http://myanimelist.net/anime/4654/Toaru_Majutsu_no_Index","http://myanimelist.net/anime/8937/Toaru_Majutsu_no_Index_II"
"http://myanimelist.net/anime/4654/Toaru_Majutsu_no_Index","http://myanimelist.net/anime/5955/Toaru_Majutsu_no_Index_Specials"
"http://myanimelist.net/anime/8937/Toaru_Majutsu_no_Index_II","http://myanimelist.net/anime/10249/Toaru_Majutsu_no_Index_II_Specials"
"http://myanimelist.net/anime/6213/Toaru_Kagaku_no_Railgun","http://myanimelist.net/anime/9047/Toaru_Kagaku_no_Railgun_OVA"
"http://myanimelist.net/anime/6213/Toaru_Kagaku_no_Railgun","http://myanimelist.net/anime/9063/Toaru_Kagaku_no_Railgun:_Entenka_no_Satsuei_Model_mo_Raku_Ja_Arimasen_wa_ne"
"http://myanimelist.net/anime/6/Trigun","http://myanimelist.net/anime/4106/Trigun:_Badlands_Rumble"
"http://myanimelist.net/anime/949/Top_wo_Nerae!","http://myanimelist.net/anime/1002/Top_wo_Nerae!_2"
"http://myanimelist.net/anime/10294/Towa_no_Quon_1:_Utakata_no_Kaben","http://myanimelist.net/anime/10713/Towa_no_Quon_2:_Konton_no_Ranbu"
"http://myanimelist.net/anime/10713/Towa_no_Quon_2:_Konton_no_Ranbu","http://myanimelist.net/anime/10714/Towa_no_Quon_3:_Mugen_no_Renza"
"http://myanimelist.net/anime/10714/Towa_no_Quon_3:_Mugen_no_Renza","http://myanimelist.net/anime/10715/Towa_no_Quon_4:_Guren_no_Shoushin"
"http://myanimelist.net/anime/10715/Towa_no_Quon_4:_Guren_no_Shoushin","http://myanimelist.net/anime/10716/Towa_no_Quon_5:_Souzetsu_no_Raifuku"
"http://myanimelist.net/anime/10716/Towa_no_Quon_5:_Souzetsu_no_Raifuku","http://myanimelist.net/anime/10717/Towa_no_Quon_6:_Towa_no_Quon"
"http://myanimelist.net/anime/177/Tsubasa_Chronicle","http://myanimelist.net/anime/969/Tsubasa_Chronicle_2nd_Season"
"http://myanimelist.net/anime/177/Tsubasa_Chronicle","http://myanimelist.net/anime/807/Tsubasa_Chronicle:_Tori_Kago_no_Kuni_no_Himegimi"
"http://myanimelist.net/anime/969/Tsubasa_Chronicle_2nd_Season","http://myanimelist.net/anime/4938/Tsubasa_Chronicle:_Shunraiki"
"http://myanimelist.net/anime/969/Tsubasa_Chronicle_2nd_Season","http://myanimelist.net/anime/2685/Tsubasa_Chronicle:_Tokyo_Revelations"
"http://myanimelist.net/anime/10798/UN-GO","http://myanimelist.net/anime/11531/UN-GO_episode:0_Inga-ron"
"http://myanimelist.net/anime/10798/UN-GO","http://myanimelist.net/anime/12411/UN-GO:_Inga_Nikki"
"http://myanimelist.net/anime/856/Utawarerumono","http://myanimelist.net/anime/3593/Utawarerumono_OVA"
"http://myanimelist.net/anime/732/Vampire_Hunter_D","http://myanimelist.net/anime/543/Vampire_Hunter_D:_Bloodlust"
"http://myanimelist.net/anime/4720/White_Album","http://myanimelist.net/anime/6165/White_Album_2nd_Season"
"http://myanimelist.net/anime/202/Wolfs_Rain","http://myanimelist.net/anime/1023/Wolfs_Rain_OVA"
"http://myanimelist.net/anime/6956/Working!!","http://myanimelist.net/anime/10521/Working!!"
"http://myanimelist.net/anime/6956/Working!!","http://myanimelist.net/anime/10532/Working!!_Announcement_Specials"
"http://myanimelist.net/anime/861/xxxHOLiC","http://myanimelist.net/anime/3091/xxxHOLiC_Kei"
"http://myanimelist.net/anime/3091/xxxHOLiC_Kei","http://myanimelist.net/anime/4918/xxxHOLiC_Shunmuki"
"http://myanimelist.net/anime/4918/xxxHOLiC_Shunmuki","http://myanimelist.net/anime/6864/xxxHOLiC_Rou"
"http://myanimelist.net/anime/861/xxxHOLiC","http://myanimelist.net/anime/793/xxxHOLiC:_Manatsu_no_Yoru_no_Yume"
"http://myanimelist.net/anime/7785/Yojouhan_Shinwa_Taikei","http://myanimelist.net/anime/8985/Yojouhan_Shinwa_Taikei_Specials"
"http://myanimelist.net/anime/10216/Yondemasu_yo_Azazel-san._%28TV%29","http://myanimelist.net/anime/7762/Yondemasu_yo_Azazel-san."
"http://myanimelist.net/anime/6586/Yumeiro_P%C3%A2tissi%C3%A8re","http://myanimelist.net/anime/9441/Yumeiro_P%C3%A2tissi%C3%A8re_SP_Professional"
"http://myanimelist.net/anime/10495/Yuru_Yuri","http://myanimelist.net/anime/12403/Yuru_Yuri_%E2%99%AA%E2%99%AA"
"http://myanimelist.net/anime/1195/Zero_no_Tsukaima","http://myanimelist.net/anime/1840/Zero_no_Tsukaima:_Futatsuki_no_Kishi"
"http://myanimelist.net/anime/1840/Zero_no_Tsukaima:_Futatsuki_no_Kishi","http://myanimelist.net/anime/3712/Zero_no_Tsukaima:_Princesses_no_Rondo"
"http://myanimelist.net/anime/3712/Zero_no_Tsukaima:_Princesses_no_Rondo","http://myanimelist.net/anime/11319/Zero_no_Tsukaima_F"
"http://myanimelist.net/anime/4038/Zettai_Karen_Children","http://myanimelist.net/anime/9127/Zettai_Karen_Children_Gentei_Kaikin!!_OVA_Chou_Sakidori_Special!!"
"http://myanimelist.net/anime/4038/Zettai_Karen_Children","http://myanimelist.net/anime/7745/Zettai_Karen_Children_OVA:_Aitazousei!_Ubawareta_Mirai"