Service,Anime,URL,MAL ID (or n/a)
"Crunchyroll","07 Ghost","http://www.crunchyroll.com/07-ghost",5525
"Crunchyroll","11eyes","http://www.crunchyroll.com/11eyes",6682
"Crunchyroll","A Bridge to the Starry Skies - Hoshizora e Kakaru Hashi","http://www.crunchyroll.com/a-bridge-to-the-starry-skies-hoshizora-e-kakaru-hashi",10079
"Crunchyroll","A Dark Rabbit has Seven Lives","http://www.crunchyroll.com/a-dark-rabbit-has-seven-lives",9750
"Crunchyroll","Abunai Sisters","http://www.crunchyroll.com/abunai-sisters",5877
"Crunchyroll","Adventures in Voice Acting","http://www.crunchyroll.com/adventures-in-voice-acting",n/a
"Crunchyroll","Air Master","http://www.crunchyroll.com/air-master",230
"Crunchyroll","Angel Beats","http://www.crunchyroll.com/angel-beats",6547
"Crunchyroll","AniView","http://www.crunchyroll.com/aniview",n/a
"Crunchyroll","Ano Natsu de Matteru","http://www.crunchyroll.com/ano-natsu-de-matteru",11433
"Crunchyroll","Anohana: The Flower We Saw That Day","http://www.crunchyroll.com/anohana-the-flower-we-saw-that-day",9989
"Crunchyroll","Another","http://www.crunchyroll.com/another",11111
"Crunchyroll","Artichoke and Peachies Show","http://www.crunchyroll.com/artichoke-and-peachies-show",n/a
"Crunchyroll","Asobi ni Ikuyo: Bombshells from the Sky","http://www.crunchyroll.com/asobi-ni-ikuyo-bombshells-from-the-sky",6166
"Crunchyroll","Astarotte's Toy","http://www.crunchyroll.com/astarottes-toy",9736
"Crunchyroll","Asura Cryin'","http://www.crunchyroll.com/asura-cryin",5342
"Crunchyroll","Asura Cryin'","http://www.crunchyroll.com/asura-cryin",6676
"Crunchyroll","AX Live","http://www.crunchyroll.com/ax-live",n/a
"Crunchyroll","Bakemonogatari","http://www.crunchyroll.com/bakemonogatari",5081
"Crunchyroll","Battle Girls - Time Paradox","http://www.crunchyroll.com/battle-girls-time-paradox",10308
"Crunchyroll","Beelzebub","http://www.crunchyroll.com/beelzebub",9513
"Crunchyroll","Black Jack","http://www.crunchyroll.com/black-jack",2213
"Crunchyroll","Black Jack","http://www.crunchyroll.com/black-jack",1373
"Crunchyroll","Black Jack Motion Magazine","http://www.crunchyroll.com/black-jack-motion-magazine",n/a
"Crunchyroll","BLASSREITER","http://www.crunchyroll.com/blassreiter",3407
"Crunchyroll","Bleach","http://www.crunchyroll.com/bleach",269
"Crunchyroll","Blue Drop","http://www.crunchyroll.com/blue-drop",2964
"Crunchyroll","Blue Exorcist","http://www.crunchyroll.com/blue-exorcist",9919
"Crunchyroll","Bodacious Space Pirates","http://www.crunchyroll.com/bodacious-space-pirates",8917
"Crunchyroll","Brave 10","http://www.crunchyroll.com/brave-10",11241
"Crunchyroll","Break Ups","http://www.crunchyroll.com/break-ups",n/a
"Crunchyroll","Campione!","http://www.crunchyroll.com/campione",12293
"Crunchyroll","Canvas 2: Niji Iro no Sketch","http://www.crunchyroll.com/canvas-2-niji-iro-no-sketch",694
"Crunchyroll","Captain Harlock","http://www.crunchyroll.com/captain-harlock",1000
"Crunchyroll","Cardfight Vanguard (Season 1)","http://www.crunchyroll.com/cardfight-vanguard-season-1",9539
"Crunchyroll","Cardfight!! Vanguard Asia Circuit (Season 2)","http://www.crunchyroll.com/cardfight-vanguard-asia-circuit-season-2",13145
"Crunchyroll","Cat God","http://www.crunchyroll.com/cat-god",9934
"Crunchyroll","Catblue Dynamite","http://www.crunchyroll.com/catblue-dynamite",1828
"Crunchyroll","Chance Pop Session","http://www.crunchyroll.com/chance-pop-session",2495
"Crunchyroll","Charger Girl Ju-den Chan","http://www.crunchyroll.com/charger-girl-ju-den-chan",5973
"Crunchyroll","Chihayafuru","http://www.crunchyroll.com/chihayafuru",10800
"Crunchyroll","Chi's Sweet Home - Chi's New Address","http://www.crunchyroll.com/chis-sweet-home-chis-new-address",6024
"Crunchyroll","Chitose Get You!","http://www.crunchyroll.com/chitose-get-you",14277
"Crunchyroll","Chu-Bra","http://www.crunchyroll.com/chu-bra",6645
"Crunchyroll","Cobra the Animation","http://www.crunchyroll.com/cobra-the-animation",5032
"Crunchyroll","Cobra the Animation","http://www.crunchyroll.com/cobra-the-animation",4646
"Crunchyroll","Cobra the Animation","http://www.crunchyroll.com/cobra-the-animation",5031
"Crunchyroll","CODE GEASS Lelouch of the Rebellion","http://www.crunchyroll.com/code-geass-lelouch-of-the-rebellion",1575
"Crunchyroll","Cosplay Complex OVA","http://www.crunchyroll.com/cosplay-complex-ova",982
"Crunchyroll","Culture Japan","http://www.crunchyroll.com/culture-japan",n/a
"Crunchyroll","Dark Side Cat","http://www.crunchyroll.com/dark-side-cat",6721
"Crunchyroll","Dear Boys","http://www.crunchyroll.com/dear-boys",292
"Crunchyroll","DEMIAN","http://www.crunchyroll.com/demian",n/a
"Crunchyroll","Demon King Daimao","http://www.crunchyroll.com/demon-king-daimao",7088
"Crunchyroll","Demonbane","http://www.crunchyroll.com/demonbane",1067
"Crunchyroll","Digimon Adventure 02","http://www.crunchyroll.com/digimon-adventure-02",1313
"Crunchyroll","Digimon Tamers","http://www.crunchyroll.com/digimon-tamers",874
"Crunchyroll","Digimon Xros Wars - The Young Hunters Who Leapt Through Time","http://www.crunchyroll.com/digimon-xros-wars-the-young-hunters-who-leapt-through-time",8624
"Crunchyroll","Digimon Xros Wars - The Young Hunters Who Leapt Through Time","http://www.crunchyroll.com/digimon-xros-wars-the-young-hunters-who-leapt-through-time",11385
"Crunchyroll","Dog Days","http://www.crunchyroll.com/dog-days",10155
"Crunchyroll","Dororo Motion Magazine","http://www.crunchyroll.com/dororo-motion-magazine",n/a
"Crunchyroll","Dragon Crisis","http://www.crunchyroll.com/dragon-crisis",9330
"Crunchyroll","Durarara","http://www.crunchyroll.com/durarara",6746
"Crunchyroll","Durarara","http://www.crunchyroll.com/durarara",8408
"Crunchyroll","Dusk Maiden of Amnesia","http://www.crunchyroll.com/dusk-maiden-of-amnesia",12445
"Crunchyroll","Ef - A Tale of Memories","http://www.crunchyroll.com/ef-a-tale-of-memories",2924
"Crunchyroll","Egg Man","http://www.crunchyroll.com/egg-man",n/a
"Crunchyroll","Erin","http://www.crunchyroll.com/erin",5420
"Crunchyroll","Eureka Seven","http://www.crunchyroll.com/eureka-seven",237
"Crunchyroll","Eyeshield 21","http://www.crunchyroll.com/eyeshield-21",15
"Crunchyroll","Fairy Musketeers","http://www.crunchyroll.com/fairy-musketeers",607
"Crunchyroll","Fairy Tail","http://www.crunchyroll.com/fairy-tail",6702
"Crunchyroll","Familiar of Zero F","http://www.crunchyroll.com/familiar-of-zero-f",11319
"Crunchyroll","Fate Zero","http://www.crunchyroll.com/fate-zero",10087
"Crunchyroll","Fate Zero","http://www.crunchyroll.com/fate-zero",11741
"Crunchyroll","Fist of the North Star","http://www.crunchyroll.com/fist-of-the-north-star",967
"Crunchyroll","Fist of the North Star","http://www.crunchyroll.com/fist-of-the-north-star",1356
"Crunchyroll","Folktales from Japan","http://www.crunchyroll.com/folktales-from-japan",13163
"Crunchyroll","Fortune Arterial","http://www.crunchyroll.com/fortune-arterial",8536
"Crunchyroll","GA Geijutsuka Art Design Class","http://www.crunchyroll.com/ga-geijutsuka-art-design-class",5670
"Crunchyroll","GA Geijutsuka Art Design Class","http://www.crunchyroll.com/ga-geijutsuka-art-design-class",6959
"Crunchyroll","Gaiking: Legend of Daiku-Maryu","http://www.crunchyroll.com/gaiking-legend-of-daiku-maryu",1845
"Crunchyroll","Galaxy Express 999","http://www.crunchyroll.com/galaxy-express-999",1491
"Crunchyroll","Galaxy High School","http://www.crunchyroll.com/galaxy-high-school",n/a
"Crunchyroll","Gankutsuou","http://www.crunchyroll.com/gankutsuou",239
"Crunchyroll","gdgd Fairies","http://www.crunchyroll.com/gdgd-fairies",11809
"Crunchyroll","Giant Killing","http://www.crunchyroll.com/giant-killing",7661
"Crunchyroll","Gintama","http://www.crunchyroll.com/gintama",918
"Crunchyroll","Gintama","http://www.crunchyroll.com/gintama",9969
"Crunchyroll","Girl's High","http://www.crunchyroll.com/girls-high",863
"Crunchyroll","Glass Mask","http://www.crunchyroll.com/glass-mask",1974
"Crunchyroll","Go Lion","http://www.crunchyroll.com/go-lion",1448
"Crunchyroll","Good Luck! Ninomiya-kun","http://www.crunchyroll.com/good-luck-ninomiya-kun",2494
"Crunchyroll","Gosick","http://www.crunchyroll.com/gosick",8425
"Crunchyroll","Greathunt","http://www.crunchyroll.com/greathunt",n/a
"Crunchyroll","Guin Saga","http://www.crunchyroll.com/guin-saga",5041
"Crunchyroll","H2O: Footprints in the Sand","http://www.crunchyroll.com/h2o-footprints-in-the-sand",3299
"Crunchyroll","Hakuoki Reimeiroku","http://www.crunchyroll.com/hakuoki-reimeiroku",13115
"Crunchyroll","Hanamaru Kindergarten","http://www.crunchyroll.com/hanamaru-kindergarten",6574
"Crunchyroll","Hanasakeru Seishonen","http://www.crunchyroll.com/hanasakeru-seishonen",5835
"Crunchyroll","Hanasaku Iroha","http://www.crunchyroll.com/hanasaku-iroha",9289
"Crunchyroll","Happiness!","http://www.crunchyroll.com/happiness",1570
"Crunchyroll","Hayate no Gotoku","http://www.crunchyroll.com/hayate-no-gotoku",2026
"Crunchyroll","Hayate no Gotoku","http://www.crunchyroll.com/hayate-no-gotoku",4192
"Crunchyroll","Hell Girl: Two Mirrors","http://www.crunchyroll.com/hell-girl-two-mirrors",1594
"Crunchyroll","HEROMAN","http://www.crunchyroll.com/heroman",4334
"Crunchyroll","Hiiro No Kakera","http://www.crunchyroll.com/hiiro-no-kakera",12461
"Crunchyroll","Horizon in the Middle of Nowhere","http://www.crunchyroll.com/horizon-in-the-middle-of-nowhere",10456
"Crunchyroll","Horizon in the Middle of Nowhere","http://www.crunchyroll.com/horizon-in-the-middle-of-nowhere",12487
"Crunchyroll","Hourou Musuko Wandering Son","http://www.crunchyroll.com/hourou-musuko-wandering-son",8426
"Crunchyroll","Humanity Has Declined","http://www.crunchyroll.com/humanity-has-declined",10357
"Crunchyroll","Hunter x Hunter","http://www.crunchyroll.com/hunter-x-hunter",11061
"Crunchyroll","Ikkitousen","http://www.crunchyroll.com/ikkitousen",257
"Crunchyroll","Ikkitousen","http://www.crunchyroll.com/ikkitousen",1956
"Crunchyroll","Interlude","http://www.crunchyroll.com/interlude",1085
"Crunchyroll","Inu X Boku Secret Service","http://www.crunchyroll.com/inu-x-boku-secret-service",11013
"Crunchyroll","Japan Tourism Anime Channel","http://www.crunchyroll.com/japan-tourism-anime-channel",10511
"Crunchyroll","Japanese Anime Classic Collection 1","http://www.crunchyroll.com/japanese-anime-classic-collection-1",n/a
"Crunchyroll","Japanese Anime Classic Collection 3","http://www.crunchyroll.com/japanese-anime-classic-collection-3",n/a
"Crunchyroll","Japanese Anime Classic Collection 4","http://www.crunchyroll.com/japanese-anime-classic-collection-4",n/a
"Crunchyroll","Kaasan Mom's Life","http://www.crunchyroll.com/kaasan-moms-life",6116
"Crunchyroll","Kaede New Town","http://www.crunchyroll.com/kaede-new-town",5799
"Crunchyroll","Kamisama Dolls","http://www.crunchyroll.com/kamisama-dolls",10372
"Crunchyroll","Kanamemo","http://www.crunchyroll.com/kanamemo",5914
"Crunchyroll","Kanokon","http://www.crunchyroll.com/kanokon",3503
"Crunchyroll","Kemeko DX","http://www.crunchyroll.com/kemeko-dx",3464
"Crunchyroll","Kid Kosmo","http://www.crunchyroll.com/kid-kosmo",n/a
"Crunchyroll","Kiddy GiRL-AND","http://www.crunchyroll.com/kiddy-girl-and",3349
"Crunchyroll","Kids on the Slope","http://www.crunchyroll.com/kids-on-the-slope",12531
"Crunchyroll","Kigurumikku","http://www.crunchyroll.com/kigurumikku",6318
"Crunchyroll","Kite Liberator","http://www.crunchyroll.com/kite-liberator",3323
"Crunchyroll","Kobo chan","http://www.crunchyroll.com/kobo-chan",n/a
"Crunchyroll","Koihime Musou","http://www.crunchyroll.com/koihime-musou",4262
"Crunchyroll","Kokoro Connect","http://www.crunchyroll.com/kokoro-connect",11887
"Crunchyroll","Kono Aozora ni Yakusoku wo","http://www.crunchyroll.com/kono-aozora-ni-yakusoku-wo",2155
"Crunchyroll","Kurokami The Animation","http://www.crunchyroll.com/kurokami-the-animation",5079
"Crunchyroll","Kuroko's Basketball","http://www.crunchyroll.com/kurokos-basketball",11771
"Crunchyroll","La Corda d'Oro ~primo passo~ and ~secondo passo~","http://www.crunchyroll.com/la-corda-doro-primo-passo-and-secondo-passo",1579
"Crunchyroll","La Corda d'Oro ~primo passo~ and ~secondo passo~","http://www.crunchyroll.com/la-corda-doro-primo-passo-and-secondo-passo",3392
"Crunchyroll","La Corda d'Oro ~primo passo~ and ~secondo passo~","http://www.crunchyroll.com/la-corda-doro-primo-passo-and-secondo-passo",5717
"Crunchyroll","La Maison en Petits Cubes","http://www.crunchyroll.com/la-maison-en-petits-cubes",1579
"Crunchyroll","La Maison en Petits Cubes","http://www.crunchyroll.com/la-maison-en-petits-cubes",3392
"Crunchyroll","La Maison en Petits Cubes","http://www.crunchyroll.com/la-maison-en-petits-cubes",5717
"Crunchyroll","La storia della Arcana Famiglia","http://www.crunchyroll.com/la-storia-della-arcana-famiglia",12967
"Crunchyroll","Lady Death","http://www.crunchyroll.com/lady-death",n/a
"Crunchyroll","Legends of the Dark King","http://www.crunchyroll.com/legends-of-the-dark-king",4549
"Crunchyroll","Leiji Matsumoto's OZMA","http://www.crunchyroll.com/leiji-matsumotos-ozma",12677
"Crunchyroll","Level E","http://www.crunchyroll.com/level-e",9834
"Crunchyroll","Lilpri","http://www.crunchyroll.com/lilpri",8206
"Crunchyroll","Linebarrels of Iron","http://www.crunchyroll.com/linebarrels-of-iron",3653
"Crunchyroll","Listen to Me, Girls, I’m Your Father!","http://www.crunchyroll.com/listen-to-me-girls-im-your-father",11179
"Crunchyroll","Little Nemo: Adventures in Slumberland","http://www.crunchyroll.com/little-nemo-adventures-in-slumberland",2286
"Crunchyroll","Lucky Star","http://www.crunchyroll.com/lucky-star",1887
"Crunchyroll","Maburaho","http://www.crunchyroll.com/maburaho",193
"Crunchyroll","Magical Play","http://www.crunchyroll.com/magical-play",2277
"Crunchyroll","Magical Play","http://www.crunchyroll.com/magical-play",2278
"Crunchyroll","Magicians Academy","http://www.crunchyroll.com/magicians-academy",3654
"Crunchyroll","Majikoi Oh! Samurai Girls","http://www.crunchyroll.com/majikoi-oh-samurai-girls",10213
"Crunchyroll","Mashiroiro Symphony","http://www.crunchyroll.com/mashiroiro-symphony",10397
"Crunchyroll","Medaka Box","http://www.crunchyroll.com/medaka-box",11761
"Crunchyroll","Mighty Max","http://www.crunchyroll.com/mighty-max",n/a
"Crunchyroll","Miracle Train","http://www.crunchyroll.com/miracle-train",7103
"Crunchyroll","Mitsudomoe","http://www.crunchyroll.com/mitsudomoe",7627
"Crunchyroll","Mitsudomoe","http://www.crunchyroll.com/mitsudomoe",9510
"Crunchyroll","Mizu no Kotoba","http://www.crunchyroll.com/mizu-no-kotoba",2235
"Crunchyroll","Mobile Suit Gundam","http://www.crunchyroll.com/mobile-suit-gundam",80
"Crunchyroll","MOBILE SUIT GUNDAM 00","http://www.crunchyroll.com/mobile-suit-gundam-00",2581
"Crunchyroll","MOBILE SUIT GUNDAM 00","http://www.crunchyroll.com/mobile-suit-gundam-00",3927
"Crunchyroll","Mobile Suit Gundam UC (Unicorn)","http://www.crunchyroll.com/mobile-suit-gundam-uc-unicorn",6336
"Crunchyroll","Mobile Suit Gundam Wing","http://www.crunchyroll.com/mobile-suit-gundam-wing",90
"Crunchyroll","Mobile Suit Zeta Gundam","http://www.crunchyroll.com/mobile-suit-zeta-gundam",85
"Crunchyroll","Moribito","http://www.crunchyroll.com/moribito",1827
"Crunchyroll","Moritasan wa Mukuchi","http://www.crunchyroll.com/moritasan-wa-mukuchi",10671
"Crunchyroll","Moritasan wa Mukuchi","http://www.crunchyroll.com/moritasan-wa-mukuchi",11615
"Crunchyroll","Mouse","http://www.crunchyroll.com/mouse",624
"Crunchyroll","Moyashimon","http://www.crunchyroll.com/moyashimon",13409
"Crunchyroll","Mushi-Uta","http://www.crunchyroll.com/mushi-uta",2603
"Crunchyroll","My Ordinary Life","http://www.crunchyroll.com/my-ordinary-life",10165
"Crunchyroll","Myself; Yourself","http://www.crunchyroll.com/myself-yourself",2926
"Crunchyroll","Mysterious Girlfriend X","http://www.crunchyroll.com/mysterious-girlfriend-x",12467
"Crunchyroll","Nakaimo - My Sister is Among Them!","http://www.crunchyroll.com/nakaimo-my-sister-is-among-them",13367
"Crunchyroll","Naked Wolves","http://www.crunchyroll.com/naked-wolves",7247
"Crunchyroll","Naruto","http://www.crunchyroll.com/naruto",20
"Crunchyroll","Naruto Shippuden","http://www.crunchyroll.com/naruto-shippuden",1735
"Crunchyroll","NARUTO Spin-Off: Rock Lee & His Ninja Pals","http://www.crunchyroll.com/naruto-spin-off-rock-lee-his-ninja-pals",12979
"Crunchyroll","NATSU NO ARASHI !","http://www.crunchyroll.com/natsu-no-arashi-",5597
"Crunchyroll","NATSU NO ARASHI !","http://www.crunchyroll.com/natsu-no-arashi-",6712
"Crunchyroll","Natsume Yujin-cho","http://www.crunchyroll.com/natsume-yujin-cho",4081
"Crunchyroll","Natsume Yujin-cho","http://www.crunchyroll.com/natsume-yujin-cho",5300
"Crunchyroll","Natsume Yujin-cho","http://www.crunchyroll.com/natsume-yujin-cho",10379
"Crunchyroll","Natsume Yujin-cho Shi","http://www.crunchyroll.com/natsume-yujin-cho-shi",11665
"Crunchyroll","Natsuyuki Rendezvous","http://www.crunchyroll.com/natsuyuki-rendezvous",13585
"Crunchyroll","Neo Angelique Abyss","http://www.crunchyroll.com/neo-angelique-abyss",3615
"Crunchyroll","Neo Angelique Abyss","http://www.crunchyroll.com/neo-angelique-abyss",4662
"Crunchyroll","Night Raid 1931","http://www.crunchyroll.com/night-raid-1931",6973
"Crunchyroll","Nisemonogatari","http://www.crunchyroll.com/nisemonogatari",11597
"Crunchyroll","No. 6","http://www.crunchyroll.com/no-6",10161
"Crunchyroll","Nyarko-san: Another Crawling Chaos","http://www.crunchyroll.com/nyarko-san-another-crawling-chaos",11785
"Crunchyroll","Occult Academy","http://www.crunchyroll.com/occult-academy",6974
"Crunchyroll","Omamori Himari","http://www.crunchyroll.com/omamori-himari",6324
"Crunchyroll","Oreimo","http://www.crunchyroll.com/oreimo",8769
"Crunchyroll","Otome Yokai Zakuro","http://www.crunchyroll.com/otome-yokai-zakuro",8476
"Crunchyroll","Pale Cocoon","http://www.crunchyroll.com/pale-cocoon",70
"Crunchyroll","Parasite Dolls","http://www.crunchyroll.com/parasite-dolls",1350
"Crunchyroll","Peeping Life","http://www.crunchyroll.com/peeping-life",6525
"Crunchyroll","Persona","http://www.crunchyroll.com/persona",3366
"Crunchyroll","PES: Peace Eco Smile","http://www.crunchyroll.com/pes-peace-eco-smile",13427
"Crunchyroll","Phantom Thief Reinya","http://www.crunchyroll.com/phantom-thief-reinya",7561
"Crunchyroll","Phi Brain","http://www.crunchyroll.com/phi-brain",9981
"Crunchyroll","Phi Brain","http://www.crunchyroll.com/phi-brain",12753
"Crunchyroll","Polar Bear Cafe","http://www.crunchyroll.com/polar-bear-cafe",12815
"Crunchyroll","Poyopoyo","http://www.crunchyroll.com/poyopoyo",12021
"Crunchyroll","Pretty Cure","http://www.crunchyroll.com/pretty-cure",603
"Crunchyroll","Puella Magi Madoka Magica","http://www.crunchyroll.com/puella-magi-madoka-magica",9756
"Crunchyroll","Queen's Blade","http://www.crunchyroll.com/queens-blade",4719
"Crunchyroll","Queen's Blade","http://www.crunchyroll.com/queens-blade",6633
"Crunchyroll","Queen's Blade Rebellion","http://www.crunchyroll.com/queens-blade-rebellion",11859
"Crunchyroll","R-15","http://www.crunchyroll.com/r-15",10611
"Crunchyroll","Ramen Fighter Miki","http://www.crunchyroll.com/ramen-fighter-miki",1738
"Crunchyroll","REBORN!","http://www.crunchyroll.com/reborn",1604
"Crunchyroll","Recorder and Randsell","http://www.crunchyroll.com/recorder-and-randsell",11491
"Crunchyroll","Recorder and Randsell","http://www.crunchyroll.com/recorder-and-randsell",13377
"Crunchyroll","Rio Rainbow Gate","http://www.crunchyroll.com/rio-rainbow-gate",8241
"Crunchyroll","Sacred Seven","http://www.crunchyroll.com/sacred-seven",10156
"Crunchyroll","Saint Seiya Omega","http://www.crunchyroll.com/saint-seiya-omega",12929
"Crunchyroll","Saint Seiya The Lost Canvas","http://www.crunchyroll.com/saint-seiya-the-lost-canvas",6171
"Crunchyroll","Saint Seiya The Lost Canvas","http://www.crunchyroll.com/saint-seiya-the-lost-canvas",9130
"Crunchyroll","Saki","http://www.crunchyroll.com/saki",5671
"Crunchyroll","Saki Episode of Side A","http://www.crunchyroll.com/saki-episode-of-side-a",10884
"Crunchyroll","Sasameki Koto","http://www.crunchyroll.com/sasameki-koto",6203
"Crunchyroll","School Days","http://www.crunchyroll.com/school-days",2476
"Crunchyroll","Seitokai No Ichizon - Student Councils Discretion","http://www.crunchyroll.com/seitokai-no-ichizon-student-councils-discretion",5909
"Crunchyroll","Sekai Ichi Hatsukoi - World's Greatest First Love","http://www.crunchyroll.com/sekai-ichi-hatsukoi-worlds-greatest-first-love",9926
"Crunchyroll","Sekai Ichi Hatsukoi - World's Greatest First Love","http://www.crunchyroll.com/sekai-ichi-hatsukoi-worlds-greatest-first-love",11123
"Crunchyroll","Sengoku Collection (Parallel World Samurai)","http://www.crunchyroll.com/sengoku-collection-parallel-world-samurai",12611
"Crunchyroll","Sherlock Hound","http://www.crunchyroll.com/sherlock-hound",1972
"Crunchyroll","Shin Koihime Musou","http://www.crunchyroll.com/shin-koihime-musou",6112
"Crunchyroll","Shin Koihime Musou - Otome Tairan","http://www.crunchyroll.com/shin-koihime-musou-otome-tairan",8057
"Crunchyroll","Shugo Chara","http://www.crunchyroll.com/shugo-chara",2923
"Crunchyroll","Shugo Chara","http://www.crunchyroll.com/shugo-chara",5262
"Crunchyroll","Shugo Chara","http://www.crunchyroll.com/shugo-chara",7082
"Crunchyroll","Sin The Movie","http://www.crunchyroll.com/sin-the-movie",2262
"Crunchyroll","SKET Dance","http://www.crunchyroll.com/sket-dance",9863
"Crunchyroll","Sketchbook","http://www.crunchyroll.com/sketchbook",2942
"Crunchyroll","Skip Beat!","http://www.crunchyroll.com/skip-beat",4722
"Crunchyroll","Slam Dunk","http://www.crunchyroll.com/slam-dunk",170
"Crunchyroll","So, I Can't Play H!","http://www.crunchyroll.com/so-i-cant-play-h",12549
"Crunchyroll","Soranowoto","http://www.crunchyroll.com/soranowoto",6802
"Crunchyroll","Space Brothers","http://www.crunchyroll.com/space-brothers",12431
"Crunchyroll","Speed Racer","http://www.crunchyroll.com/speed-racer",1445
"Crunchyroll","Squid Girl","http://www.crunchyroll.com/squid-girl",8557
"Crunchyroll","Squid Girl","http://www.crunchyroll.com/squid-girl",10378
"Crunchyroll","Star Driver","http://www.crunchyroll.com/star-driver",8934
"Crunchyroll","Steel Angel Kurumi","http://www.crunchyroll.com/steel-angel-kurumi",554
"Crunchyroll","Steel Angel Kurumi","http://www.crunchyroll.com/steel-angel-kurumi",557
"Crunchyroll","Steel Angel Kurumi 2 Shiki","http://www.crunchyroll.com/steel-angel-kurumi-2-shiki",555
"Crunchyroll","Steel Angel Kurumi Zero","http://www.crunchyroll.com/steel-angel-kurumi-zero",556
"Crunchyroll","Sumiko","http://www.crunchyroll.com/sumiko",n/a
"Crunchyroll","Super Robot Wars OG The Inspector","http://www.crunchyroll.com/super-robot-wars-og-the-inspector",9241
"Crunchyroll","Sword Art Online","http://www.crunchyroll.com/sword-art-online",11757
"Crunchyroll","Tantei Opera Milky Holmes","http://www.crunchyroll.com/tantei-opera-milky-holmes",7768
"Crunchyroll","Tari Tari","http://www.crunchyroll.com/tari-tari",13333
"Crunchyroll","Tegami Bachi Letter Bee","http://www.crunchyroll.com/tegami-bachi-letter-bee",6444
"Crunchyroll","Tegami Bachi Letter Bee","http://www.crunchyroll.com/tegami-bachi-letter-bee",8311
"Crunchyroll","The Ambition of Oda Nobuna","http://www.crunchyroll.com/the-ambition-of-oda-nobuna",11933
"Crunchyroll","The Diary of Tortov Roddle","http://www.crunchyroll.com/the-diary-of-tortov-roddle",1205
"Crunchyroll","The Diary of Tortov Roddle","http://www.crunchyroll.com/the-diary-of-tortov-roddle",3401
"Crunchyroll","The Idol Master","http://www.crunchyroll.com/the-idol-master",10278
"Crunchyroll","The Knight in the Area","http://www.crunchyroll.com/the-knight-in-the-area",11697
"Crunchyroll","The Legend of Qin","http://www.crunchyroll.com/the-legend-of-qin",9806
"Crunchyroll","The Live Show","http://www.crunchyroll.com/the-live-show",n/a
"Crunchyroll","The Melancholy of Haruhi Suzumiya","http://www.crunchyroll.com/the-melancholy-of-haruhi-suzumiya",849
"Crunchyroll","The Melancholy of Haruhi Suzumiya","http://www.crunchyroll.com/the-melancholy-of-haruhi-suzumiya",4382
"Crunchyroll","The Melancholy of Haruhi Suzumiya","http://www.crunchyroll.com/the-melancholy-of-haruhi-suzumiya",5118
"Crunchyroll","The Melancholy of Haruhi Suzumiya","http://www.crunchyroll.com/the-melancholy-of-haruhi-suzumiya",5957
"Crunchyroll","The Melody of Oblivion","http://www.crunchyroll.com/the-melody-of-oblivion",159
"Crunchyroll","The Mystic Archives of Dantalian","http://www.crunchyroll.com/the-mystic-archives-of-dantalian",8915
"Crunchyroll","The Prince of Tennis II","http://www.crunchyroll.com/the-prince-of-tennis-ii",11371
"Crunchyroll","The Tower of DRUAGA -the Aegis of URUK-","http://www.crunchyroll.com/the-tower-of-druaga-the-aegis-of-uruk-",3230
"Crunchyroll","The Tower of DRUAGA -the Sword of URUK-","http://www.crunchyroll.com/the-tower-of-druaga-the-sword-of-uruk-",4726
"Crunchyroll","The World God Only Knows","http://www.crunchyroll.com/the-world-god-only-knows",8525
"Crunchyroll","The World God Only Knows","http://www.crunchyroll.com/the-world-god-only-knows",10080
"Crunchyroll","Time of Eve","http://www.crunchyroll.com/time-of-eve",3167
"Crunchyroll","Tono to Issho","http://www.crunchyroll.com/tono-to-issho",8961
"Crunchyroll","Tono to Issho","http://www.crunchyroll.com/tono-to-issho",10324
"Crunchyroll","Total Eclipse","http://www.crunchyroll.com/total-eclipse",11021
"Crunchyroll","Traveling Daru","http://www.crunchyroll.com/traveling-daru",15077
"Crunchyroll","Tsuritama","http://www.crunchyroll.com/tsuritama",12883
"Crunchyroll","Twin Angel: Twinkle Paradise","http://www.crunchyroll.com/twin-angel-twinkle-paradise",10217
"Crunchyroll","Un-Go","http://www.crunchyroll.com/un-go",10798
"Crunchyroll","Upotte!!","http://www.crunchyroll.com/upotte",12317
"Crunchyroll","Uraboku","http://www.crunchyroll.com/uraboku",7058
"Crunchyroll","Usagi Drop","http://www.crunchyroll.com/usagi-drop",10162
"Crunchyroll","Utakoi","http://www.crunchyroll.com/utakoi",13349
"Crunchyroll","Valerian and Laureline","http://www.crunchyroll.com/valerian-and-laureline",4441
"Crunchyroll","Venus to Mamoru!","http://www.crunchyroll.com/venus-to-mamoru",1588
"Crunchyroll","Viewtiful Joe","http://www.crunchyroll.com/viewtiful-joe",278
"Crunchyroll","Wagnaria!!","http://www.crunchyroll.com/wagnaria",6956
"Crunchyroll","Wagnaria!!","http://www.crunchyroll.com/wagnaria",10521
"Crunchyroll","We, Without Wings - under the innocent sky","http://www.crunchyroll.com/we-without-wings-under-the-innocent-sky",9922
"Crunchyroll","Web Ghosts PiPoPa","http://www.crunchyroll.com/web-ghosts-pipopa",4051
"Crunchyroll","White Album","http://www.crunchyroll.com/white-album",4720
"Crunchyroll","White Album","http://www.crunchyroll.com/white-album",6165
"Crunchyroll","Wonder Beat Scramble","http://www.crunchyroll.com/wonder-beat-scramble",4083
"Crunchyroll","Xamd: Lost Memories","http://www.crunchyroll.com/xamd-lost-memories",4177
"Crunchyroll","Yatler  Matler Space Tyrants","http://www.crunchyroll.com/yatler-matler-space-tyrants",n/a
"Crunchyroll","Yokuwakaru Gendai Maho","http://www.crunchyroll.com/yokuwakaru-gendai-maho",5454
"Crunchyroll","Yonna in the Solitary Fortress","http://www.crunchyroll.com/yonna-in-the-solitary-fortress",1031
"Crunchyroll","You and Me","http://www.crunchyroll.com/you-and-me",10460
"Crunchyroll","You and Me 2","http://www.crunchyroll.com/you-and-me-2",11739
"Crunchyroll","Yurumates3Dei","http://www.crunchyroll.com/yurumates3dei",14693
"Crunchyroll","YuruYuri","http://www.crunchyroll.com/yuruyuri",10495
"Crunchyroll","YuruYuri","http://www.crunchyroll.com/yuruyuri",12403
"Funimation",".hack//Quantum","http://www.funimation.com/hackquantum/episodes",9332
"Funimation","[C] - CONTROL","http://www.funimation.com/c-control/episodes",10163
"Funimation","009-1","http://www.funimation.com/009-1/episodes",1583
"Funimation","009-1","http://www.funimation.com/009-1/episodes",3234
"Funimation","A Certain Magical Index","http://www.funimation.com/a-certain-magical-index/episodes",4654
"Funimation","A Certain Scientific Railgun","http://www.funimation.com/a-certain-scientific-railgun/episodes",6213
"Funimation","Aesthetica of a Rogue Hero","http://www.funimation.com/aesthetica-of-a-rogue-hero/episodes",13161
"Funimation","Ah! My Goddess: Flights of Fancy","http://www.funimation.com/ah-my-goddess-flights-of-fancy/episodes",880
"Funimation","Ah! My Goddess: Flights of Fancy","http://www.funimation.com/ah-my-goddess-flights-of-fancy/episodes",2198
"Funimation","Ai Yori Aoshi","http://www.funimation.com/ai-yori-aoshi/episodes",53
"Funimation","Ai Yori Aoshi","http://www.funimation.com/ai-yori-aoshi/episodes",394
"Funimation","Air","http://www.funimation.com/air/episodes",101
"Funimation","Air Gear","http://www.funimation.com/air-gear/episodes",857
"Funimation","Air Master","http://www.funimation.com/air-master/episodes",230
"Funimation","Aquarion","http://www.funimation.com/aquarion/episodes",478
"Funimation","Aria the Scarlet Ammo","http://www.funimation.com/aria-the-scarlet-ammo/episodes",8630
"Funimation","Armitage III","http://www.funimation.com/armitage-iii/episodes",1079
"Funimation","B Gata H Kei Yamada’s First Time","http://www.funimation.com/b-gata-h-kei-yamada-s-first-time/episodes",7817
"Funimation","Baccano!","http://www.funimation.com/baccano/episodes",2251
"Funimation","Baccano!","http://www.funimation.com/baccano/episodes",3901
"Funimation","Baka and Test - Summon the Beasts -","http://www.funimation.com/baka-and-test-summon-the-beasts/episodes",6347
"Funimation","Baka and Test - Summon the Beasts -","http://www.funimation.com/baka-and-test-summon-the-beasts/episodes",7870
"Funimation","Baka and Test - Summon the Beasts -","http://www.funimation.com/baka-and-test-summon-the-beasts/episodes",8516
"Funimation","Baldr Force EXE","http://www.funimation.com/baldr-force-exe/episodes",1682
"Funimation","Bamboo Blade","http://www.funimation.com/bamboo-blade/episodes",2986
"Funimation","Basilisk","http://www.funimation.com/basilisk/episodes",67
"Funimation","Big Windup!","http://www.funimation.com/big-windup/episodes",2159
"Funimation","Big Windup!","http://www.funimation.com/big-windup/episodes",3887
"Funimation","Binbogami ga!","http://www.funimation.com/binbogami-ga/episodes",13535
"Funimation","Birdy the Mighty: Decode","http://www.funimation.com/birdy-the-mighty-decode/episodes",3974
"Funimation","Birdy the Mighty: Decode","http://www.funimation.com/birdy-the-mighty-decode/episodes",5074
"Funimation","Black Blood Brothers","http://www.funimation.com/black-blood-brothers/episodes",1498
"Funimation","Black Butler","http://www.funimation.com/black-butler/episodes",4798
"Funimation","Black Butler","http://www.funimation.com/black-butler/episodes",6707
"Funimation","Black Butler","http://www.funimation.com/black-butler/episodes",9136
"Funimation","Black Cat","http://www.funimation.com/black-cat/episodes",68
"Funimation","Black Lagoon","http://www.funimation.com/black-lagoon/episodes",889
"Funimation","Blassreiter","http://www.funimation.com/blassreiter/episodes",3407
"Funimation","Blessing of the Campanella","http://www.funimation.com/blessing-of-the-campanella/episodes",6979
"Funimation","Blue Gender","http://www.funimation.com/blue-gender/episodes",58
"Funimation","Bubblegum Crisis: Tokyo 2040","http://www.funimation.com/bubblegum-crisis-tokyo-2040/episodes",568
"Funimation","Burst Angel","http://www.funimation.com/burst-angel/episodes",109
"Funimation","C3 Anime","http://www.funimation.com/c3-anime/episodes",10578
"Funimation","Captain Harlock","http://www.funimation.com/captain-harlock/episodes",1000
"Funimation","Casshern Sins","http://www.funimation.com/casshern-sins/episodes",4981
"Funimation","Cat Planet Cuties","http://www.funimation.com/cat-planet-cuties/episodes",6166
"Funimation","Chaos; HEAd","http://www.funimation.com/chaos-head/episodes",4975
"Funimation","Chobits","http://www.funimation.com/chobits/episodes",59
"Funimation","Chrome Shelled Regios","http://www.funimation.com/chrome-shelled-regios/episodes",4186
"Funimation","Chrono Crusade","http://www.funimation.com/chrono-crusade/episodes",60
"Funimation","Claymore","http://www.funimation.com/claymore/episodes",1818
"Funimation","Comic Party Revolution","http://www.funimation.com/comic-party-revolution/episodes",706
"Funimation","Corpse Princess: Shikabane Hime","http://www.funimation.com/corpse-princess-shikabane-hime/episodes",4581
"Funimation","Corpse Princess: Shikabane Hime","http://www.funimation.com/corpse-princess-shikabane-hime/episodes",5034
"Funimation","Coyote Ragtime Show","http://www.funimation.com/coyote-ragtime-show/episodes",1194
"Funimation","D.Gray-man","http://www.funimation.com/dgray-man/episodes",1482
"Funimation","Dance in the Vampire Bund","http://www.funimation.com/dance-in-the-vampire-bund/episodes",6747
"Funimation","Darker Than Black","http://www.funimation.com/darker-than-black/episodes",2025
"Funimation","Darker Than Black","http://www.funimation.com/darker-than-black/episodes",4182
"Funimation","Darker Than Black","http://www.funimation.com/darker-than-black/episodes",6573
"Funimation","Deadman Wonderland","http://www.funimation.com/deadman-wonderland/episodes",6880
"Funimation","Desert Punk","http://www.funimation.com/desert-punk/episodes",25
"Funimation","Detective Opera Milky Holmes 2","http://www.funimation.com/detective-opera-milky-holmes-2/episodes",11341
"Funimation","Devil May Cry","http://www.funimation.com/devil-may-cry/episodes",1726
"Funimation","Digimon Adventure 02","http://www.funimation.com/digimon-adventure-02/episodes",1313
"Funimation","Digimon Tamers","http://www.funimation.com/digimon-tamers/episodes",874
"Funimation","Disgaea","http://www.funimation.com/disgaea/episodes",860
"Funimation","Dragon Ball Z","http://www.funimation.com/dragon-ball-z/episodes",224
"Funimation","Dragon Ball Z","http://www.funimation.com/dragon-ball-z/episodes",813
"Funimation","Dragonaut -THE RESONANCE-","http://www.funimation.com/dragonaut-the-resonance/episodes",2795
"Funimation","Eden of the East","http://www.funimation.com/eden-of-the-east/episodes",5630
"Funimation","El Cazador de la Bruja","http://www.funimation.com/el-cazador-de-la-bruja/episodes",2030
"Funimation","Ergo Proxy","http://www.funimation.com/ergo-proxy/episodes",790
"Funimation","Eureka Seven: Astral Ocean","http://www.funimation.com/eureka-seven-astral-ocean/episodes",12471
"Funimation","Excel Saga","http://www.funimation.com/excel-saga/episodes",379
"Funimation","Fafner","http://www.funimation.com/fafner/episodes",75
"Funimation","Fairy Tail","http://www.funimation.com/fairy-tail/episodes",6702
"Funimation","Fist of the North Star","http://www.funimation.com/fist-of-the-north-star/episodes",967
"Funimation","Fist of the North Star","http://www.funimation.com/fist-of-the-north-star/episodes",1356
"Funimation","FLCL","http://www.funimation.com/flcl/episodes",227
"Funimation","Fractale","http://www.funimation.com/fractale/episodes",9314
"Funimation","Freezing","http://www.funimation.com/freezing/episodes",9367
"Funimation","Fruits Basket","http://www.funimation.com/fruits-basket/episodes",120
"Funimation","Full Metal Panic!","http://www.funimation.com/full-metal-panic/episodes",71
"Funimation","Full Metal Panic! The Second Raid","http://www.funimation.com/full-metal-panic-the-second-raid/episodes",73
"Funimation","Full Metal Panic! The Second Raid","http://www.funimation.com/full-metal-panic-the-second-raid/episodes",1015
"Funimation","Full Metal Panic? Fumoffu","http://www.funimation.com/full-metal-panic-fumoffu/episodes",72
"Funimation","Fullmetal Alchemist","http://www.funimation.com/fullmetal-alchemist/episodes",121
"Funimation","Fullmetal Alchemist: Brotherhood","http://www.funimation.com/fullmetal-alchemist-brotherhood/episodes",5114
"Funimation","Gad Guard","http://www.funimation.com/gad-guard/episodes",271
"Funimation","Gaiking","http://www.funimation.com/gaiking/episodes",1845
"Funimation","Galaxy Express 999","http://www.funimation.com/galaxy-express-999/episodes",1491
"Funimation","Ga-Rei-Zero","http://www.funimation.com/ga-rei-zero/episodes",4725
"Funimation","Ghost Hunt","http://www.funimation.com/ghost-hunt/episodes",1571
"Funimation","Girls Bravo","http://www.funimation.com/girls-bravo/episodes",241
"Funimation","Girls Bravo","http://www.funimation.com/girls-bravo/episodes",487
"Funimation","Glass Fleet","http://www.funimation.com/glass-fleet/episodes",973
"Funimation","Guilty Crown","http://www.funimation.com/guilty-crown/episodes",10793
"Funimation","Gun X Sword","http://www.funimation.com/gun-x-sword/episodes",411
"Funimation","Gun X Sword","http://www.funimation.com/gun-x-sword/episodes",5501
"Funimation","Gungrave","http://www.funimation.com/gungrave/episodes",267
"Funimation","Gunslinger Girl","http://www.funimation.com/gunslinger-girl/episodes",134
"Funimation","Gunslinger Girl IL Teatrino","http://www.funimation.com/gunslinger-girl-il-teatrino/episodes",3231
"Funimation","Gunslinger Girl IL Teatrino","http://www.funimation.com/gunslinger-girl-il-teatrino/episodes",4765
"Funimation","Guyver: The Bioboosted Armor","http://www.funimation.com/guyver-the-bioboosted-armor/episodes",1374
"Funimation","Haganai","http://www.funimation.com/haganai/episodes",10719
"Funimation","Haibane Renmei","http://www.funimation.com/haibane-renmei/episodes",387
"Funimation","Heat Guy J","http://www.funimation.com/heat-guy-j/episodes",958
"Funimation","Heaven's Lost Property","http://www.funimation.com/heavens-lost-property/episodes",5958
"Funimation","Heaven's Lost Property","http://www.funimation.com/heavens-lost-property/episodes",8407
"Funimation","Hell Girl","http://www.funimation.com/hell-girl/episodes",228
"Funimation","Hellsing","http://www.funimation.com/hellsing/episodes",270
"Funimation","Hellsing Ultimate","http://www.funimation.com/hellsing-ultimate/episodes",777
"Funimation","Hero Tales","http://www.funimation.com/hero-tales/episodes",2772
"Funimation","Heroic Age","http://www.funimation.com/heroic-age/episodes",2002
"Funimation","Hetalia","http://www.funimation.com/hetalia/episodes",5060
"Funimation","Hetalia","http://www.funimation.com/hetalia/episodes",8479
"Funimation","High School DxD","http://www.funimation.com/high-school-dxd/episodes",11617
"Funimation","House of Five Leaves","http://www.funimation.com/house-of-five-leaves/episodes",7588
"Funimation","Initial D","http://www.funimation.com/initial-d/episodes",185
"Funimation","Initial D","http://www.funimation.com/initial-d/episodes",186
"Funimation","Initial D","http://www.funimation.com/initial-d/episodes",18
"Funimation","Interlude","http://www.funimation.com/interlude/episodes",1085
"Funimation","Is this a Zombie?","http://www.funimation.com/is-this-a-zombie/episodes",8841
"Funimation","Is this a Zombie?","http://www.funimation.com/is-this-a-zombie/episodes",10790
"Funimation","Jing King of Bandits","http://www.funimation.com/jing-king-of-bandits/episodes",107
"Funimation","Jinki: Extend","http://www.funimation.com/jinki-extend/episodes",141
"Funimation","Jormungand","http://www.funimation.com/jormungand/episodes",12413
"Funimation","Jyu-Oh-Sei","http://www.funimation.com/jyu-oh-sei/episodes",953
"Funimation","Kaleido Star","http://www.funimation.com/kaleido-star/episodes",427
"Funimation","Kanon","http://www.funimation.com/kanon/episodes",1530
"Funimation","Kaze No Stigma","http://www.funimation.com/kaze-no-stigma/episodes",1691
"Funimation","Kenichi The Mightiest Disciple","http://www.funimation.com/kenichi-the-mightiest-disciple/episodes",1559
"Funimation","Kiddy Grade","http://www.funimation.com/kiddy-grade/episodes",274
"Funimation","Kingdom","http://www.funimation.com/kingdom/episodes",12031
"Funimation","Kurau Phantom Memory","http://www.funimation.com/kurau-phantom-memory/episodes",483
"Funimation","Last Exile","http://www.funimation.com/last-exile/episodes",97
"Funimation","LASTEXILE -Fam, The Silver Wing-","http://www.funimation.com/lastexile-fam-the-silver-wing/episodes",10336
"Funimation","Le Chevalier D'Eon","http://www.funimation.com/le-chevalier-deon/episodes",1013
"Funimation","Level E","http://www.funimation.com/level-e/episodes",9834
"Funimation","Linebarrels of Iron","http://www.funimation.com/linebarrels-of-iron/episodes",3653
"Funimation","Lupin the Third, Fujiko Mine","http://www.funimation.com/lupin-the-third-fujiko-mine/episodes",13203
"Funimation","Magikano","http://www.funimation.com/magikano/episodes",576
"Funimation","Maken-ki! Battling Venus","http://www.funimation.com/maken-ki-battling-venus/episodes",9936
"Funimation","Moeyo Ken","http://www.funimation.com/moeyo-ken/episodes",511
"Funimation","Mongolian Chop Squad","http://www.funimation.com/mongolian-chop-squad/episodes",57
"Funimation","MoonPhase","http://www.funimation.com/moonphase/episodes",343
"Funimation","Moyashimon: Tales of Agriculture","http://www.funimation.com/moyashimon-tales-of-agriculture/episodes",n/a
"Funimation","Mr. Stain on Junk Alley","http://www.funimation.com/mr-stain-on-junk-alley/episodes",3519
"Funimation","Murder Princess","http://www.funimation.com/murder-princess/episodes",1696
"Funimation","Mushi-Shi","http://www.funimation.com/mushi-shi/episodes",457
"Funimation","My Bride is a Mermaid","http://www.funimation.com/my-bride-is-a-mermaid/episodes",2104
"Funimation","My Santa!","http://www.funimation.com/my-santa/episodes",588
"Funimation","Nabari no Ou","http://www.funimation.com/nabari-no-ou/episodes",3655
"Funimation","Negima!","http://www.funimation.com/negima/episodes",157
"Funimation","Negima!? Magister Negi Magi","http://www.funimation.com/negima-magister-negi-magi/episodes",1546
"Funimation","Nerima Daikon Brothers","http://www.funimation.com/nerima-daikon-brothers/episodes",1655
"Funimation","Noir","http://www.funimation.com/noir/episodes",272
"Funimation","Oh! Edo Rocket","http://www.funimation.com/oh-edo-rocket/episodes",2152
"Funimation","Okami-san and Her Seven Companions","http://www.funimation.com/okami-san-and-her-seven-companions/episodes",7769
"Funimation","One Piece","http://www.funimation.com/one-piece/episodes",21
"Funimation","Ouran High School Host Club","http://www.funimation.com/ouran-high-school-host-club/episodes",853
"Funimation","Pani Poni Dash!","http://www.funimation.com/pani-poni-dash/episodes",490
"Funimation","Panty & Stocking with Garterbelt","http://www.funimation.com/panty-stocking-with-garterbelt/episodes",8795
"Funimation","Peacemaker","http://www.funimation.com/peacemaker/episodes",161
"Funimation","Phantom","http://www.funimation.com/phantom/episodes",5682
"Funimation","Pretear","http://www.funimation.com/pretear/episodes",100
"Funimation","Pretty Cure","http://www.funimation.com/pretty-cure/episodes",603
"Funimation","Princess Jellyfish","http://www.funimation.com/princess-jellyfish/episodes",8129
"Funimation","Project Blue Earth SOS","http://www.funimation.com/project-blue-earth-sos/episodes",1247
"Funimation","Pumpkin Scissors","http://www.funimation.com/pumpkin-scissors/episodes",1538
"Funimation","Ragnarok - The Animation","http://www.funimation.com/ragnarok-the-animation/episodes",417
"Funimation","Rainbow","http://www.funimation.com/rainbow/episodes",6114
"Funimation","Red Garden","http://www.funimation.com/red-garden/episodes",1601
"Funimation","RideBack","http://www.funimation.com/rideback/episodes",4618
"Funimation","Romeo X Juliet","http://www.funimation.com/romeo-x-juliet/episodes",1699
"Funimation","Rosario + Vampire","http://www.funimation.com/rosario-vampire/episodes",2933
"Funimation","Rosario + Vampire","http://www.funimation.com/rosario-vampire/episodes",4214
"Funimation","Rumbling Hearts","http://www.funimation.com/rumbling-hearts/episodes",147
"Funimation","Samurai 7","http://www.funimation.com/samurai-7/episodes",166
"Funimation","Samurai Champloo","http://www.funimation.com/samurai-champloo/episodes",205
"Funimation","Sands of Destruction","http://www.funimation.com/sands-of-destruction/episodes",4415
"Funimation","Sankarea","http://www.funimation.com/sankarea/episodes",11499
"Funimation","Sasami Magical Girls Club","http://www.funimation.com/sasami-magical-girls-club/episodes",1881
"Funimation","Sasami Magical Girls Club","http://www.funimation.com/sasami-magical-girls-club/episodes",1882
"Funimation","Save Me! Lollipop","http://www.funimation.com/save-me-lollipop/episodes",1509
"Funimation","School Rumble","http://www.funimation.com/school-rumble/episodes",24
"Funimation","School Rumble","http://www.funimation.com/school-rumble/episodes",517
"Funimation","School Rumble","http://www.funimation.com/school-rumble/episodes",846
"Funimation","Sekirei","http://www.funimation.com/sekirei/episodes",4063
"Funimation","Sekirei","http://www.funimation.com/sekirei/episodes",5279
"Funimation","Sekirei","http://www.funimation.com/sekirei/episodes",5277
"Funimation","Sengoku BASARA: Samurai Kings","http://www.funimation.com/sengoku-basara-samurai-kings/episodes",5355
"Funimation","Sengoku BASARA: Samurai Kings","http://www.funimation.com/sengoku-basara-samurai-kings/episodes",6634
"Funimation","Serial Experiments Lain","http://www.funimation.com/serial-experiments-lain/episodes",339
"Funimation","Sgt. Frog","http://www.funimation.com/sgt-frog/episodes",516
"Funimation","Shakugan no Shana","http://www.funimation.com/shakugan-no-shana/episodes",355
"Funimation","Shakugan no Shana","http://www.funimation.com/shakugan-no-shana/episodes",2787
"Funimation","Shakugan no Shana","http://www.funimation.com/shakugan-no-shana/episodes",6773
"Funimation","Shangri-la","http://www.funimation.com/shangri-la/episodes",5220
"Funimation","Shattered Angels","http://www.funimation.com/shattered-angels/episodes",1810
"Funimation","Shigurui: Death Frenzy","http://www.funimation.com/shigurui-death-frenzy/episodes",2216
"Funimation","Shiki","http://www.funimation.com/shiki/episodes",7724
"Funimation","Shin chan","http://www.funimation.com/shin-chan/episodes",966
"Funimation","Shuffle!","http://www.funimation.com/shuffle/episodes",79
"Funimation","Slam Dunk","http://www.funimation.com/slam-dunk/episodes",170
"Funimation","Slayers","http://www.funimation.com/slayers/episodes",534
"Funimation","Slayers","http://www.funimation.com/slayers/episodes",535
"Funimation","Slayers","http://www.funimation.com/slayers/episodes",1172
"Funimation","Slayers Revolution","http://www.funimation.com/slayers-revolution/episodes",4028
"Funimation","Slayers Revolution","http://www.funimation.com/slayers-revolution/episodes",5233
"Funimation","Soul Eater","http://www.funimation.com/soul-eater/episodes",3588
"Funimation","Speed Grapher","http://www.funimation.com/speed-grapher/episodes",198
"Funimation","Spice and Wolf","http://www.funimation.com/spice-and-wolf/episodes",2966
"Funimation","Spice and Wolf","http://www.funimation.com/spice-and-wolf/episodes",5341
"Funimation","Spice and Wolf","http://www.funimation.com/spice-and-wolf/episodes",6007
"Funimation","Steins; Gate","http://www.funimation.com/steins-gate/episodes",9253
"Funimation","STRAIN: Strategic Armored Infantry","http://www.funimation.com/strain-strategic-armored-infantry/episodes",1602
"Funimation","Strike Witches","http://www.funimation.com/strike-witches/episodes",3667
"Funimation","Strike Witches","http://www.funimation.com/strike-witches/episodes",6381
"Funimation","Suzuka","http://www.funimation.com/suzuka/episodes",390
"Funimation","Symphogear","http://www.funimation.com/symphogear/episodes",11751
"Funimation","Tenchi Muyo! GXP","http://www.funimation.com/tenchi-muyo-gxp/episodes",1133
"Funimation","Tenchi Muyo! OVA Series","http://www.funimation.com/tenchi-muyo-ova-series/episodes",539
"Funimation","Tenchi Muyo! OVA Series","http://www.funimation.com/tenchi-muyo-ova-series/episodes",540
"Funimation","Tenchi Muyo! OVA Series","http://www.funimation.com/tenchi-muyo-ova-series/episodes",1146
"Funimation","Tenchi Muyo! Tenchi Universe","http://www.funimation.com/tenchi-muyo-tenchi-universe/episodes",696
"Funimation","Texhnolyze","http://www.funimation.com/texhnolyze/episodes",26
"Funimation","The Count of Monte Cristo: Gankutsuou","http://www.funimation.com/the-count-of-monte-cristo-gankutsuou/episodes",239
"Funimation","The Future Diary","http://www.funimation.com/the-future-diary/episodes",10620
"Funimation","The Galaxy Railways","http://www.funimation.com/the-galaxy-railways/episodes",1490
"Funimation","The Legend of Legendary Heroes","http://www.funimation.com/the-legend-of-legendary-heroes/episodes",8086
"Funimation","The Sacred Blacksmith","http://www.funimation.com/the-sacred-blacksmith/episodes",5940
"Funimation","The Tatami Galaxy","http://www.funimation.com/the-tatami-galaxy/episodes",7785
"Funimation","The Wallflower","http://www.funimation.com/the-wallflower/episodes",1562
"Funimation","TO Movie","http://www.funimation.com/to-movie/episodes",7279
"Funimation","Tokyo Majin","http://www.funimation.com/tokyo-majin/episodes",1860
"Funimation","Tokyo Majin","http://www.funimation.com/tokyo-majin/episodes",2683
"Funimation","Toriko","http://www.funimation.com/toriko/episodes",10033
"Funimation","Tower of Druaga","http://www.funimation.com/tower-of-druaga/episodes",3230
"Funimation","Tower of Druaga","http://www.funimation.com/tower-of-druaga/episodes",4726
"Funimation","Trigun","http://www.funimation.com/trigun/episodes",6
"Funimation","Trinity Blood","http://www.funimation.com/trinity-blood/episodes",27
"Funimation","Tsubasa RESERVoir CHRoNiCLE","http://www.funimation.com/tsubasa-reservoir-chronicle/episodes",2685
"Funimation","Tsubasa RESERVoir CHRoNiCLE","http://www.funimation.com/tsubasa-reservoir-chronicle/episodes",4938
"Funimation","UFO Ultramaiden Valkyrie","http://www.funimation.com/ufo-ultramaiden-valkyrie/episodes",1514
"Funimation","UFO Ultramaiden Valkyrie","http://www.funimation.com/ufo-ultramaiden-valkyrie/episodes",1648
"Funimation","Utawarerumono","http://www.funimation.com/utawarerumono/episodes",856
"Funimation","Vandread","http://www.funimation.com/vandread/episodes",180
"Funimation","Vandread","http://www.funimation.com/vandread/episodes",181
"Funimation","Vandread","http://www.funimation.com/vandread/episodes",1111
"Funimation","Vandread","http://www.funimation.com/vandread/episodes",1112
"Funimation","Venus Versus Virus","http://www.funimation.com/venus-versus-virus/episodes",1607
"Funimation","We Without Wings","http://www.funimation.com/we-without-wings/episodes",9922
"Funimation","Welcome to the N-H-K","http://www.funimation.com/welcome-to-the-n-h-k/episodes",1210
"Funimation","Witchblade","http://www.funimation.com/witchblade/episodes",935
"Funimation","X","http://www.funimation.com/x/episodes",156
"Funimation","Xenosaga","http://www.funimation.com/xenosaga/episodes",184
"Funimation","xxxHOLiC","http://www.funimation.com/xxxholic/episodes",861
"Viz","Accel World","http://www.vizanime.com/accel-world",11759
"Viz","Bleach","http://www.vizanime.com/bleach",269
"Viz","Blue Dragon Uncut","http://www.vizanime.com/blue-dragon",2142
"Viz","Blue Dragon: Trials of the Seven Shadows","http://www.vizanime.com/blue-dragon-seven-shadows",4197
"Viz","Blue Exorcist","http://www.vizanime.com/blue-exorcist",9919
"Viz","Buso Renkin","http://www.vizanime.com/buso-renkin",1536
"Viz","Cross Game","http://www.vizanime.com/cross-game",5941
"Viz","Death Note","http://www.vizanime.com/deathnote",1535
"Viz","Full Moon","http://www.vizanime.com/full-moon",122
"Viz","Hikaru no Go","http://www.vizanime.com/hikaru-no-go",135
"Viz","Honey and Clover","http://www.vizanime.com/honey-and-clover",16
"Viz","Honey and Clover II","http://www.vizanime.com/honey-and-clover-2",1142
"Viz","I""s","http://www.vizanime.com/is",1084
"Viz","I""s","http://www.vizanime.com/is",811
"Viz","Inuyasha","http://www.vizanime.com/inuyasha",249
"Viz","Inuyasha - The Final Act","http://www.vizanime.com/inuyasha-the-final-act",6811
"Viz","Kekkaishi","http://www.vizanime.com/kekkaishi",1606
"Viz","LAGRANGE â€“ The Flower of Rin-ne â€“","http://www.vizanime.com/lagrange",11227
"Viz","LAGRANGE â€“ The Flower of Rin-ne â€“","http://www.vizanime.com/lagrange",12281
"Viz","M&Auml;R","http://www.vizanime.com/mar",738
"Viz","Nana","http://www.vizanime.com/nana",877
"Viz","Naoki Urasawa's Monster","http://www.vizanime.com/naoki-urasawas-monster",19
"Viz","Naruto","http://www.vizanime.com/naruto",20
"Viz","Naruto Shippuden","http://www.vizanime.com/naruto-shippuden",1735
"Viz","Naruto Spin-Off: Rock Lee & His Ninja Pals","http://www.vizanime.com/naruto-spin-off",12979
"Viz","Neuro","http://www.vizanime.com/neuro",2985
"Viz","Nura: Rise of the Yokai Clan","http://www.vizanime.com/nura-rise-of-the-yokai-clan",7592
"Viz","Nura: Rise of the Yokai Clan","http://www.vizanime.com/nura-rise-of-the-yokai-clan",10049
"Viz","One Piece","http://www.vizanime.com/one-piece",21
"Viz","Reborn!","http://www.vizanime.com/reborn",1604
"Viz","Strawberry 100%","http://www.vizanime.com/strawberry-100",248
"Viz","Strawberry 100%","http://www.vizanime.com/strawberry-100",981
"Viz","Strawberry 100%","http://www.vizanime.com/strawberry-100",641
"Viz","Strawberry 100%","http://www.vizanime.com/strawberry-100",642
"Viz","The Prince of Tennis","http://www.vizanime.com/the-prince-of-tennis",22
"Viz","Tiger & Bunny","http://www.vizanime.com/tiger-and-bunny",9941
"Viz","Ultra Maniac","http://www.vizanime.com/ultra-maniac",178
"Viz","Vampire Knight","http://www.vizanime.com/vampire-knight",3457
"Viz","Vampire Knight","http://www.vizanime.com/vampire-knight",4752
"Viz","Zetman","http://www.vizanime.com/zetman",11837